name,category,address,lat,lon
Centre Educatiu Thau,Centre,Av Esplugues 49.0 ,41.38764005512567,2.10528876791072
Ateneu  Sant Andreu,otro,Carrer de l'Abat Odó 71.0 ,41.4324898639079,2.1853030314588358
Jardins d'Elvira Farreras Valentí,Jardins,C Manacor 17.0 ,41.407464947326254,2.1430348062786257
Casal de Barri Font d'en Fargues,otro,C Pedrell 67.0 ,41.424333431530485,2.1652481090205704
Associació Rambla de Catalunya,otro,Rambla de Catalunya 61.0 61.0,41.39077433577668,2.163589599574425
Fàbrica de Creació Graner,otro,C Jane Addams 14.0 ,41.36152379729631,2.1359750197791345
Escola Mossèn Jacint Verdaguer,Escola,C Lleida 32.0 ,41.37332070884572,2.154824350891146
Centre Esportiu Municipal Putxet,Centre,C Marmellà 23.0 ,41.40972803896788,2.141295887779283
Universitat de Barcelona,otro,Gran Via de les Corts Catalanes 585.0 ,41.38657708352391,2.164030568391206
Funicular Vallvidrera - FGC,otro,Carrer de les Alberes 16.0 ,41.41422846437415,2.1059462512020857
Funicular Tibidabo - Cuca de Llum,otro,Plaça del Doctor Andreu 1.0 2.0,41.41631050210694,2.131411684356236
Tramvia Blau Tibidabo-TMB,otro,Avinguda del Tibidabo 2.0 ,41.41053468316915,2.137021984976944
Sala El Molino,otro,Carrer de Vila i Vilà 99.0 ,41.37458590109832,2.167271088906495
Institut Nacional d'Educació Física de Catalunya *Barcelona,otro,Av Estadi 12.0 ,41.36537462912623,2.146913285556539
Col·legi Oficial de Metges de Barcelona,otro,Pg Bonanova 47.0 ,41.404236241777,2.129341454867993
Velodrom Municipal d'Horta Miquel Poblet,otro,Pg Vall d'Hebron 185.0 ,41.43723757663772,2.1495946440435265
Restaurant Can Travi Nou,Restaurant,C Jorge Manrique nan ,41.43139726568915,2.150432990990598
Parròquia de la Santíssima Trinitat,Parròquia,C Turó de la Trinitat 30.0 ,41.45031653850258,2.1904799871347125
Poble Espanyol de Barcelona,otro,Avinguda de Francesc Ferrer i Guàrdia 13.0 ,41.36914809976752,2.1467430809493484
Casal Sant Jordi,otro,Pau Claris 81.0 ,41.38944576760637,2.1713337865477698
Mercat Boqueria - Sant Josep,Mercat,Carrer la Rambla 89.0 ,41.38204889437501,2.17227075910574
Mercat Santa Caterina,Mercat,Av Francesc Cambó 16.0 ,41.38639488164491,2.1781771121189712
Mercat Hostafrancs,Mercat,Carrer de la Creu Coberta 93.0 ,41.37516234439833,2.143853943380838
Casa Bonaventura Ferrer,otro,Pg Gràcia 113.0 ,41.39697639977114,2.158479593916247
Mercat Sants,Mercat,C Sant Jordi 6.0 ,41.37474144032811,2.133754628418325
Hospital del Mar,otro,Passeig Marítim de la Barceloneta - Oriol Bohigas 25.0 ,41.38343360981442,2.1946836219941206
Club Natació Atlètic - Barceloneta,Club,Pl Mar 1.0 ,41.37344433423628,2.1886847497193758
Centre Comercial Arenas de Barcelona,Centre,G.V. Corts Catalanes 373.0 ,41.376038338441205,2.1499752959539173
Museu del Modernisme de Barcelona,Museu,C Balmes 48.0 ,41.38890739636273,2.163402681362388
Parròquia de la Mare de Déu de la Mercè i Sant Miquel Arcàngel - Basílica,Parròquia,Pl Mercè 1.0 ,41.37942517988621,2.1795802549065177
Institut Français de Barcelone,otro,C Moià 8.0 ,41.39528348612812,2.1517956248758305
Jardins de Magalí,Jardins,C Vallespir 194.0 ,41.38491336528375,2.1335326462367803
Casa Amatller,otro,Pg Gràcia 41.0 ,41.39161297296296,2.165112890687213
Barcelona - Casa Vídua Marfà,otro,Pg Gràcia 66.0 ,41.39311176171059,2.1642989926981406
El Born i la Ribera,otro,Pg Born 30.0 ,41.38485510195776,2.1830157301046778
La Barceloneta,otro,C Baluard 50.0 ,41.37956860884705,2.189117360481648
Sants i Hostafrancs,otro,C Creu Coberta 100.0 ,41.37539782108393,2.1426193870999874
La Sagrera,otro,,,
La Vila Olímpica,otro,C Salvador Espriu 43.0 ,41.38937966568577,2.197267885136565
El Fòrum,otro,Pl Fòrum 2.0 ,41.41106682138965,2.221714876463801
Federació Eix Comercial Sants-Les Corts,otro,Carrer de Melcior de Palau 77.0 79.0,41.37975467649532,2.1344956640830457
Parc de les Rieres d'Horta,Parc,Av Estatut de Catalunya 21.0 ,41.43107919974659,2.154259435001784
Torre del Rellotge,otro,Pl Bonet i Muixí 3.0 ,41.37432440095194,2.1367036614916595
Palau de la Premsa,Palau,Av Rius i Taulet 5.0 ,41.37248388332653,2.1538979761055
La Plaça del Sortidor,otro,Pl Sortidor 4.0 ,41.37260876412629,2.1621656959358955
Finca Sansalvador,otro,Pg Mare de Déu del Coll 79.0 ,41.418944974567545,2.148358843174665
Mercat de les Flors Centre de les Arts de Moviment,Centre,Lleida 59.0 ,41.370538264069474,2.157271883570921
Casa Rosa Alemany,otro,Av República Argentina 6.0 ,41.40737731100891,2.14863345725769
Casa Serès,otro,C Verdi 39.0 ,41.404039707549934,2.156628602714139
Conjunt de Cases al Carrer Francisco Giner,otro,C Francisco Giner 16.0 ,41.39892971334762,2.1594708997786287
Cases Manuel Raventós,otro,Rbla Prat 13.0 ,41.40139423653911,2.15203322023042
Edifici J. Artigas,otro,C Martínez de la Rosa 34.0 ,41.39985990968169,2.1591654567457805
Habitatge Classicista Providència 79,otro,C Providència 79.0 ,41.40819331103935,2.159386623420811
Restaurant Casa Tejada,Restaurant,C Tenor Viñas 3.0 ,41.39505269147344,2.142108289092796
Club Esportiu Mediterrani *Instal·lació Josep Vallès,Club,C Begur 44.0 ,41.3733599989622,2.130464703418883
Associació Cultural El Raval El Lokal,otro,C Cera 1.0 ,41.37945106296261,2.167094592540177
World Trade Center,otro,Moll Barcelona 1.0 ,41.37109064113994,2.1823636757953957
Servei d'Esports de la Universitat de Barcelona,otro,Av Diagonal 695.0 ,41.38091965331625,2.1048310677132447
Casa Cama i Escurra,otro,C Gran de Gràcia 15.0 ,41.39828230438417,2.157088195204451
Casa Claudi Alsina,otro,Plaça de Lesseps 10.0 10.0,41.40696749282559,2.150890882782789
Casa Eudald Obradors,otro,Av República Argentina 90.0 ,41.410579233171234,2.1458839653210964
Casa Gaspar Galí,otro,C Montseny 45.0 ,41.40265208001168,2.1558495685461287
Casa Manuel Colchero,otro,C Camèlies 34.0 ,41.41156230116295,2.160231915914634
Casa Miquel Cal Millàs,otro,C Vallfogona 18.0 ,41.4031305099263,2.157560504523872
Casa Pere Jaqués,otro,C Olot 2.0 ,41.41285094265032,2.152378393383484
Casa Ramos,otro,Pl Lesseps 30.0 ,41.4061899908628,2.149575785577088
Casa de les Altures,otro,Rda Guinardó 49.0 ,41.41279780128245,2.166481155557753
Teatre Grec,otro,Pg Santa Madrona 36.0 ,41.36812384413011,2.158482875531215
Parròquia de Santa Maria de Gràcia,Parròquia,C Gràcia 3.0 ,41.39833719125325,2.1579647021625696
Club Tennis La Salut,Club,Carrer de la Mare de Déu de la Salut 75.0 ,41.41234042111287,2.15819198579813
Parc de Can Rigal,Parc,Av Albert Bastardas 23.0 ,41.37932819241353,2.107739056786728
Torre d'Ignacio Portabella,otro,Av Tibidabo 27.0 ,41.41281169827557,2.134981213630846
El Jardí Vertical,otro,C Berlín 107.0 ,41.38512796595029,2.141744623609296
Casa Hurtado,otro,Av Pedralbes 46.0 ,41.39242149167882,2.11632547019372
La Gran Via de Carles III,otro,G.V. Carles III 60.0 ,41.38359761148749,2.128056674070894
La plaça de la Concòrdia,otro,Pl Concòrdia nan ,41.38653963624162,2.132091361234996
La Porta Sud de la Finca Güell,otro,C Lluís Solé i Sabarís 1.0 ,41.384912355918026,2.1189006112022293
Antic Dispensari Antituberculós,otro,C Torres i Amat 8.0 ,41.38433595216771,2.165173981341848
Jardinets de Salvador Espriu,otro,Pg Gràcia 118.0 ,41.39738205805117,2.159002039604903
Ca l'Estruc- Convent de les Germanes de l'Assumpció,otro,C Pons i Gallarza 30.0 ,41.43553951634989,2.1880199202730286
Botiga Casa Rusca,otro,C Gran de Sant Andreu 135.0 ,41.431621867432426,2.1892871049773523
La Mina Grott,otro,Camí del Cama-sec 22.0 28.0,41.41529444742222,2.0975454897320374
Cooperativa La Guardiola Familiar,otro,C Borriana 54.0 ,41.43056706573951,2.191828973297836
Pavelló de Ràdio Barcelona al Parc d'Atraccions del Tibidabo,Parc,Carretera de Vallvidrera al Tibidabo 101.0 103.0,41.42410490506085,2.1193142250845742
Villa Esperanza,otro,Ptge Isabel 8.0 ,41.41363246951803,2.146376241035286
Colònia Bausili,otro,C Colònia Bausili 3.0 ,41.35303880848997,2.1435520408982858
Carrer Avió Plus Ultra,otro,C Avió Plus Ultra 1.0 ,41.40033306045677,2.122019654847453
Bar Colòmbia,otro,Rbla Fabra i Puig 1.0 ,41.43001110132735,2.1895226462085007
El camp de la Creu,otro,Pl Carme 1.0 ,41.388763523980295,2.140180281885298
Sant Joan de Dalt,otro,Pg Sant Joan 150.0 ,41.40216470756282,2.166410951526073
El pont de Mühlberg,otro,C Mühlberg 100.0 ,41.41856212293422,2.161799283919621
Can Carreras,otro,Parc Central de Nou Barris 0.0 0.0,41.43682827931477,2.1678701924114794
El passatge de l'Esperança,otro,Ptge Esperança 5.0 ,41.42909687213159,2.176942405239261
Casa de la Lactància,otro,G.V. Corts Catalanes 475.0 ,41.38013155447215,2.155454935741646
Casal de Barri Can Portabella,otro,C Virgili 18.0 ,41.4291308751184,2.193936700525465
Forn de Pa Roura Vila,otro,C Calaf 15.0 ,41.39744142472332,2.144269436975635
Restaurant Dos Torres,Restaurant,Via Augusta 300.0 ,41.39795538977431,2.128704952652439
Eix Comercial del Poblenou,otro,C Pallars 224.0 ,41.402619669138986,2.199899590115794
Las Golondrinas - Sirenas SA,otro,Moll Drassanes 1.0 ,41.3746514376551,2.1781153021938917
Casa Elisa Bremon d'Espina,otro,C Gran de Gràcia 61.0 ,41.399646914660494,2.155601559279648
Casa Eloy Detouche,otro,C Pare Laínez 17.0 ,41.406698383788495,2.16476312511361
Casa F. Homet,otro,C Santa Magdalena 1.0 ,41.40368647833563,2.1524799804849275
Casa Feliu Iglesies,otro,C Gran de Gràcia 135.0 ,41.402178366408194,2.152775398750866
Casa Gustà,otro,C Ca l'Alegre de Dalt 72.0 ,41.41041608639633,2.160063116454555
Santa Creu d'Olorda,otro,Ctra Santa Creu Olorda a Sarrià 417.0 ,41.415981372010265,2.0590073481470856
Pont de Calatrava (Bac de Roda - Felip II),otro,Carrer de Felip II 2.0 ,41.416166339580734,2.1924102551677853
Can Mora,otro,C Portell 11.0 ,41.41790973374814,2.151042845959997
Can Muntaner de Dalt,otro,C Olot 1.0 ,41.41350924872243,2.1531271963876577
Can Trilla,otro,C Gran de Gràcia 177.0 ,41.40354926420721,2.1519292949349675
El Campus Raval - UB,otro,C Montalegre 6.0 ,41.38407718499735,2.166899934194828
Carrer Pons i Gallarza,otro,C Bascònia 45.0 ,41.4355421004354,2.186869522394108
Carrer Puerto Príncipe,otro,C Puerto Príncipe 44.0 ,41.422608628418345,2.181260260566652
La Plaça Santa Madrona,otro,Pl Santa Madrona 3.0 ,41.37346904326101,2.1563144249358346
Camisseria Bonet,otro,C Rambla 72.0 ,41.38079964125222,2.173883382684312
Casa Doctor Genové,otro,C Rambla 77.0 ,41.38142514089114,2.1728234402079813
Casa Domènech i Estapà,otro,C València 241.0 ,41.39228681466528,2.1625666401735337
Ateneu de Fabricació Digital de Les Corts,otro,Carrer d'Evarist Arnús 59.0 59.0,41.38355424224072,2.1355597687429912
Seu de la Secció 10 de les Patrulles de Control (Guerra Civil),otro,C Gran de Sant Andreu 52.0 ,41.42911252316188,2.19036384484912
Pis - Museu Habitatge 1/11,Museu,Passeig de Torras i Bages 91.0 ,41.44097555447716,2.190352662404392
"Àntic Edifici de Catalana de Gas i Electricitat, SA",otro,Av Portal de l'Àngel 20.0 ,41.385810987300985,2.173038152640421
Sala Lliure de Gràcia,otro,C Montseny 47.0 ,41.40276104987048,2.156031064034744
Viaducte de Vallcarca,otro,C Gomis 2.0 ,41.41181800039176,2.1432697424292484
Casa Muntadas,otro,Av Tibidabo 48.0 ,41.41526572017423,2.1332147546001883
Fossar de les Moreres,otro,Pl Fossar de les Moreres 1.0 ,41.38365386571088,2.1824151631724544
Edifici Alhambra,otro,C Berlinès 5.0 ,41.403617178236445,2.1397153048637696
El Farró a través del carrer Saragossa,otro,C Saragossa 1.0 ,41.40089932712729,2.150867135716541
La plaça de Sarrià,otro,Pl Sarrià nan ,41.39981901760965,2.122029074017245
La Torre d'Aigües de Josep Amargós,otro,Carretera de Vallvidrera al Tibidabo 107.0 107.0,41.42297808783552,2.118943948440615
Colònia Busquets,otro,Ctra Església 2.0 ,41.41369557781432,2.104502955711604
Fàbrica Sanchís,otro,Pg Enric Sanchis 21.0 ,41.434973842831134,2.205388440533967
Museu Egipci de Barcelona,Museu,Carrer de València 284.0 ,41.39365756520606,2.1647541605952405
Parc de la Ciutadella,Parc,Passeig de Picasso 21.0 ,41.38633657544665,2.185381778970792
Jardins de Ramon Margalef i López,Jardins,Av Estadi 42.0 ,41.36609351846864,2.152965473661524
Parc del Castell de l'Oreneta,Parc,C Montevideo 45.0 ,41.39940218424315,2.112199777559347
Turó Park - Parc del Poeta Eduard Marquina,Parc,Av Pau Casals 19.0 ,41.39410523623182,2.1419158924657906
Centre Educatiu Jesús i Maria *Passeig Sant Gervasi,Centre,Pg Sant Gervasi 15.0 ,41.40962676260745,2.1321227367298
Temple Expiatori de la Sagrada Família - Basílica,otro,Carrer de Provença 450.0 ,41.403953130630256,2.173925859874078
Carrer Major de Sarrià,otro,C Major de Sarrià 1.0 ,41.39599155894147,2.1251530428320944
Casa Fornells,otro,Av Tibidabo 35.0 ,41.41373899158243,2.134298941292163
El barri de la Mercè,otro,C Torrent de les Roses 1.0 ,41.388936898572986,2.1055266224814213
Mercat Sant Andreu,Mercat,Plaça del Mercadal 41.0 41.0,41.43489312913732,2.1883934902332927
Centre Excursionista Els Blaus,Centre,Cornet i Mas 15.0 ,41.39817327414662,2.123617721295924
Casa Marsans - Alberg Mare de Déu de Montserrat - AJ000084,otro,Pg Mare de Déu del Coll 41.0 ,41.41618949683218,2.14686630713938
Platja de Sant Sebastià,Platja,Passeig Marítim de la Barceloneta - Oriol Bohigas 2.0 ,41.373706513534366,2.1896792006250663
Platja de la Nova Icària,Platja,Pg Marítim de Nova Icària 60.0 ,41.39076474300676,2.2028838890750646
El Parc del Fòrum,Parc,Pl Fòrum 1.0 ,41.41106682138965,2.221714876463801
Casa Vicens,otro,C Carolines 18.0 ,41.4035372452986,2.1505869815611334
Palau Güell,Palau,Carrer Nou de la Rambla 3.0 ,41.379087185159,2.174439557713116
Edifici Gas Natural,otro,Pl Gas 1.0 ,41.38319342524216,2.190154390019234
Tinta Invisible Edicions,otro,C Lleó 6.0 ,41.3820675489832,2.165078437655472
Restaurant Casa Trampa,Restaurant,Pl Vallvidrera 3.0 ,41.41319781754193,2.104516277534671
Museu de la Xocolata,Museu,Carrer del Comerç 36.0 ,41.38741922402338,2.181725967522791
Escola Josep Maria Jujol,Escola,C Riera de Sant Miquel 39.0 ,41.39821515341866,2.1558975483762164
Centre Cívic Casinet d'Hostafrancs,Centre,Carrer del Rector Triadó 53.0 ,41.37785807405671,2.1432215181756806
Portal Casa Miralles,otro,Pg Manuel Girona 55.0 ,41.39211337098168,2.1274984374334376
Disseny Hub Barcelona,otro,Plaça de les Glòries Catalanes 37.0 ,41.402601111692825,2.1880498461023428
Masia de Can Baró,otro,Pl Can Baró 1.0 ,41.41656209133623,2.1620938107713417
Pla de Montbau,otro,Pla Montbau 6.0 ,41.430681496366894,2.1427060165365965
Cases Francesc Farreras,otro,G.V. Corts Catalanes 536.0 ,41.382555032109934,2.159551767559708
Casa Pomar,otro,C Girona 86.0 ,41.39563961765683,2.170281440902392
Parròquia de Sant Ramon Nonat,Parròquia,Av Sant Ramon Nonat 1.0 ,41.37603719947376,2.11709281902244
Base Nàutica Municipal de la Mar Bella,otro,Pg Marítim del Bogatell 102.0 ,41.39653535209156,2.2097712400521687
Institut Vila de Gràcia,otro,C Riera de Sant Miquel 58.0 ,41.3986014146248,2.155368115677565
Pavelló de la República,otro,C Jorge Manrique 9.0 ,41.43084548288972,2.151482356409003
Alberg In-Out - AJ000427,otro,C Major del Rectoret 2.0 ,41.42206372379852,2.101812736653692
Institut del Teatre,otro,Pl Margarida Xirgu 1.0 ,41.37067944898099,2.157449314071009
Edifici Patronat Ribas,otro,Pg Vall d'Hebron 93.0 ,41.422929218509935,2.1410866943487545
Monument a Cristòfol Colom,otro,Plaça del Portal de la Pau 1.0 ,41.375981756802304,2.1760573876381613
Escultura Josep Anselm Clavé,otro,Pg Sant Joan 198.0 ,41.404090634245215,2.1638663854194364
Facultat de Dret - UB,otro,Av Diagonal 684.0 ,41.38723971871468,2.1210972500110508
Carrer Grau,otro,C Grau 47.0 ,41.438791640535136,2.187669352497476
Carrer Manigua,otro,C Garcilaso 200.0 ,41.423676546575145,2.1797396875918653
Carrer Matanzas,otro,C Matanzas 40.0 ,41.422752030928834,2.1821867084168733
Menjadors populars del carrer Gran Sant Andreu (Guerra Civil),otro,C Gran de Sant Andreu 176.0 ,41.43272227205576,2.1893973971197025
Centre Cívic Tomasa Cuevas - Les Corts,Centre,Carrer de Dolors Masferrer i Bosch 33.0 ,41.38481868130682,2.1283416789870517
Fàbrica de Creació Hangar,otro,C Emília Coranty 8.0 ,41.408601288709,2.199379275633804
Museu de Ciències Naturals de Barcelona,Museu,Plaça de Leonardo da Vinci 4.0 ,41.41081133082032,2.220499449653222
Centre Comercial Westfield Glòries,Centre,Av Diagonal 208.0 ,41.40497574863421,2.1925213552739606
Fundació Barcelona Media - Centre d'Innovació,Centre,Av Diagonal 177.0 ,41.404425080209855,2.1936694239353693
Jardins de la Tamarita,Jardins,Pg Sant Gervasi 47.0 ,41.41090504207735,2.1353308120104346
El Clot,otro,Pl Font i Sagué 2.0 ,41.407845782838926,2.188469193190472
Facultat de Psicologia i Ciències de l'Educació i de l'Esport Blanquerna - URL,otro,Císter 34.0 ,41.41191420929642,2.1333279293214424
El nucli de Santa Eulàlia de Vilapicina,otro,C Pere d'Artés 1.0 ,41.43105597129707,2.173127543884692
Can Peguera,otro,Pl Sant Francesc Xavier 12.0 ,41.43428467027986,2.16456333073766
La vila de Gràcia,otro,Pl Virreina 2.0 ,41.405031103391,2.157519564297269
Ca l'Aranyó,otro,C Roc Boronat 150.0 ,41.40418745612774,2.192916650968304
El barri de la Clota,otro,C Capcir 2.0 ,41.42664948190676,2.150985823958698
Casa Almirall,otro,C Joaquín Costa 33.0 ,41.38238921399351,2.165929295607357
Plaça de les Dones del 36,otro,Pl Dones del 36 1.0 ,41.40454220831473,2.153654759838709
Hort Urbà Masia Can Mestres *Tancat,otro,Camí Can Clos 1.0 ,41.35971541159925,2.145157408726708
Facultat de Comunicació i Relacions Internacionals Blanquerna - URL,otro,Plaça de Joan Coromines 1.0 1.0,41.38353764764212,2.166272793410519
Torre Glòries,otro,Av Diagonal 209.0 ,41.40347629324701,2.189815009628469
Parc del Poblenou,Parc,Av Litoral 59.0 ,41.39727971819072,2.207470604184096
Centre Educatiu Vedruna Gràcia Barcelona,Centre,C Gran de Gràcia 234.0 ,41.40471777195005,2.151415793082498
Biblioteca Montserrat Abelló,otro,Carrer dels Comtes de Bell-lloc 192.0 ,41.38373133027636,2.135305845435044
Museu Frederic Marès,Museu,Plaça de Sant Iu 5.0 ,41.38420549734736,2.17695685162379
Estadi Olímpic de Montjuïc Lluís Companys,otro,Passeig Olímpic 17.0 ,41.36474508399185,2.155681394867584
Spotify Camp Nou * Tancat per remodelació,otro,C Aristides Maillol 12.0 ,41.380806951232216,2.1228764926605805
Parc de la Trinitat,Parc,Pg Santa Coloma 60.0 ,41.449268825219306,2.1956548753915466
Federació de Comerciants de Barna Centre,Centre,Carrer del Paradís 10.0 10.0,41.38337742829775,2.177171627621828
Platja de la Mar Bella,Platja,Passeig Marítim de la Mar Bella 104.0 104.0,41.39857924467329,2.2123276980931683
Ca n'Andalet,otro,Passatge d'Andalet 11.0 ,41.42721189152529,2.153678760813793
CosmoCaixa Barcelona,otro,Carrer d'Isaac Newton 26.0 ,41.41329827278905,2.1306762762550275
Associació de Comerciants del Carrer Gran de Gràcia,otro,Carrer Gran de Gràcia 86.0 86.0,41.4003276952613,2.1550611661314885
Museu Reial Monestir de Santa Maria de Pedralbes,Museu,Baixada del Monestir 9.0 ,41.395605165759946,2.112075084546918
Reial Club de Tennis Barcelona - 1899,Club,C Bosch i Gimpera 5.0 ,41.39369047981739,2.118331914254848
Memorial de les Dones Represaliades a la Presó de Dones de les Corts,otro,Carrer d'Europa 13.0 13.0,41.387153239939714,2.129239773817562
Hospital de la Santa Creu i Sant Pau,otro,C Sant Quintí 89.0 ,41.41544108395991,2.1739598683555683
Centre Cívic La Sedeta,Centre,Carrer de Sicília 321.0 ,41.405576512012246,2.167687591797475
Parròquia de l'Immaculat Cor de Maria,Parròquia,C Sant Antoni Maria Claret 45.0 ,41.405951148357936,2.166593971349565
Centre Cívic Guinardó,Centre,Ronda del Guinardó 113.0 133.0,41.41607687588995,2.1733610333293782
Jardins Mestre Balcells,Jardins,Carrer de Sant Salvador 63.0 65.0,41.40763678374947,2.154533307360096
Mercat Guineueta,Mercat,Passeig de Valldaura 186.0 ,41.43865254771624,2.170245672758619
Centre Cívic Casa del Rellotge,Centre,Passeig de la Zona Franca 116.0 ,41.35757415322748,2.141406028389017
Monument Arc de Triomf de Barcelona,otro,Pg Lluís Companys 15.0 ,41.39108086341498,2.1807039051520003
Torre Bellesguard  Gaudí - Casa Figueres,otro,C Bellesguard 16.0 ,41.40916538840938,2.126832670465789
Torre de Collserola,otro,Ctra Vallvidrera Tibidabo 8.0 ,41.41586341604361,2.111785952453742
Mercat Barceloneta,Mercat,Plaça del Poeta Boscà 1.0 ,41.38024616800817,2.18928120267198
Mercat Ninot,Mercat,Carrer de Mallorca 133.0 ,41.38785716567697,2.1544122344047523
Parròquia de Santa Teresa de l'Infant Jesús,Parròquia,Via Augusta 68.0 ,41.400511756428415,2.151808582444108
Casa Francesc Cama,otro,C Gran de Gràcia 77.0 ,41.40028269384311,2.1548570322157654
Casa Madurell,otro,C Torrijos 14.0 ,41.40275219893523,2.1596123951981183
Jardins del  Baix Guinardó,Jardins,C Marina 372.0 ,41.40977850723608,2.168658421542334
Museu de Carruatges del Foment,Museu,Pl Josep Pallach 8.0 ,41.43386840494578,2.149802728490179
Parc de Joan Miró,Parc,Carrer d'Aragó 2.0 2.0,41.37883814100107,2.1473335958888007
Parròquia de la Mare de Déu del Coll,Parròquia,C Santuari 30.0 ,41.420132063616215,2.151319417179658
Edifici d'habitatges Gran de Gràcia 67,otro,C Gran de Gràcia 67.0 ,41.399899033342535,2.1553048145748552
Farmàcia de Bolós Giralt,otro,Rbla Catalunya 77.0 ,41.39166621624898,2.162424791257872
Antiga Fàbrica d'Estampació Tèxtil Can Ricart,otro,C Emília Coranty 33.0 ,41.40922632383825,2.1981716288388373
Centre Esportiu Municipal Can Caralleu,Centre,Carrer dels Esports 2.0 ,41.40098699374353,2.1105047906383008
Vall d'Hebron Barcelona Hospital Campus,otro,Pg Vall d'Hebron 119.0 ,41.42804943371883,2.1434499797388105
Casa Terradas - Casa de les Punxes,otro,Av Diagonal 420.0 ,41.39789455388375,2.1638579681725147
El Polvorí i Cos de Guàrdia,otro,C Segura 34.0 ,41.36464604706291,2.1428603946607967
Parc Central de Nou Barris,Parc,Pl Major de Nou Barris 1.0 ,41.4368445525108,2.1712296246319656
Carrer Pinar del Rio,otro,C Matanzas 30.0 ,41.422259021739634,2.1821005942848277
Parròquia de Sant Vicenç de Sarrià,Parròquia,C Rector Voltà 5.0 ,41.39948172834851,2.121111403839136
Residència Militar d'Estudiants Mateo Calabro,otro,Capità Arenas 52.0 ,41.39297332973804,2.12510287048567
Institut Químic de Sarrià - Campus Sarrià - IQS,otro,Via Augusta 390.0 ,41.40379591152728,2.1194605457742592
Seu del Districte de Sants-Montjuïc,otro,Carrer de la Creu Coberta 104.0 ,41.3754087791269,2.142274392316013
Fundació Orfeó Gracienc,otro,C Astúries 83.0 ,41.404734139288166,2.156423120771882
Parròquia de Sant Joan de Gràcia,Parròquia,C Santa Creu 2.0 ,41.40533710606837,2.1567122726022543
Educa +,otro,C Sant Quintí 12.0 ,41.41252398893622,2.179570364707956
Seu del Districte de Sarrià-Sant Gervasi,otro,Plaça del Consell de la Vila 7.0 ,41.39912976584916,2.1214123028583627
Palau de Congressos *Pavelló 5,Palau,Av Reina Maria Cristina 1.0 ,41.37241483260608,2.1518889546104605
Centre Educatiu CETT,Centre,Av Can Marcet 36.0 ,41.43485061254671,2.1481555754807795
Universitat Nacional d'Educació a Distància *Barcelona,otro,Av Rio de Janeiro 56.0 ,41.43646572009841,2.180455235272232
Seu del Districte de Nou Barris,otro,Pl Major de Nou Barris 1.0 ,41.4368445525108,2.1712296246319656
Parròquia de la Mare de Déu de Lourdes,Parròquia,C Font Honrada 33.0 ,41.37309762127584,2.1560110122944107
Círculo Ecuestre,otro,C Balmes 169.0 ,41.395763940464285,2.1540111781345668
Museu,Museu,Avinguda de Miramar 1.0 ,41.368292261821246,2.1601492925476364
Museu de Pintura Contemporània Can Framis,Museu,Carrer de Roc Boronat 116.0 ,41.40294420265117,2.1949651108093025
Parròquia de Sant Pere de les Puel·les,Parròquia,Pl Sant Pere nan ,41.38922892058108,2.1792430187092746
Escola Superior d'Administració i Direcció d'Empreses - URL,Escola,Av Pedralbes 60.0 ,41.39374137478776,2.11450041725389
Jardins del Palau de Pedralbes,Jardins,Av Diagonal 686.0 ,41.38654937434819,2.1184352989192647
Casa Lamadrid,otro,Girona 113.0 ,41.39694691705839,2.1681807052555757
Casa Garriga Nogués,otro,Diputació 250.0 ,41.38892310014807,2.165254832995529
Centre Esportiu Municipal Piscines Bernat Picornell,Centre,Av Estadi 30.0 ,41.36632923206704,2.150793450223625
"TAMAIA Viure Sense Violencia, S.C.C.L.",otro,C Ripoll 25.0 ,41.38550526763556,2.175087497981421
Roca Barcelona Gallery,otro,C Joan Güell 211.0 ,41.38664570242304,2.12923065792945
Platja del Bogatell,Platja,Pg Marítim del Bogatell 80.0 ,41.39460267821261,2.2067544978597606
Casal d'Entitats Mas Guinardó,otro,Plaça de Salvador Riera 2.0 ,41.41816915835005,2.1744079393214104
Associació de Comerciants i Professionals Barnavasi,otro,C Septimània 31.0 ,41.40545573179054,2.147638695309088
Forn de Pa de Can Tur,otro,Virgili 74.0 ,41.43201793483495,2.1933483941178187
Museu Olímpic i de l'Esport Joan Antoni Samaranch de Barcelona,Museu,Avinguda de l'Estadi 60.0 ,41.36628092507608,2.1570941364707474
Museu,Museu,Carrer d'Aragó 255.0 ,41.39155351265377,2.1637754588196367
Escultura David i Goliat Homenatge a les Brigades Internacionals,otro,Rbla Carmel 46.0 ,41.42487315212389,2.157703561885268
Telefèric de Barcelona,otro,Pg Joan Borbó C Barcelona 88.0 ,41.373250146274025,2.187875716121665
Jardins de Can Sentmenat,Jardins,C Can Caralleu 6.0 ,41.40262028359711,2.115102292721839
Parc del Laberint d'Horta,Parc,Passeig dels Castanyers 1.0 ,41.43795704876439,2.1475613087947547
Parc del Guinardó,Parc,Garriga i Roca 1.0 ,41.41948943678852,2.169613897166294
Parc del Turó de la Peira,Parc,Passeig de Fabra i Puig 396.0 406.0,41.43346223343624,2.1634471242007627
Centre Cívic Can Castelló,Centre,Carrer de Castelló 1.0 ,41.39904051559378,2.140179532716965
Jardins de Vil·la Amèlia,Jardins,Carrer d'Eduardo Conde 22.0 ,41.39390619967619,2.1211872573336934
Park Güell,otro,Carrer d'Olot 7.0 ,41.41350924872243,2.1531271963876577
Universitat Oberta de Catalunya,otro,Rambla del Poblenou 154.0 156.0,41.40649363005068,2.19444957141162
MUHBA Museu d'Història de Barcelona - Casa de l'Aigua,Museu,Carretera de Ribes 103.0 ,41.45463864239669,2.189729096932418
Centre Municipal de Cultura Popular de Sant Andreu,Centre,C Arquímedes 30.0 ,41.44068473251823,2.1876438165449668
Centre Cívic Casa Golferichs,Centre,Gran Via de les Corts Catalanes 491.0 ,41.3808491471351,2.1564074948215346
Museu Nacional d'Art de Catalunya,Museu,C Mirador Palau Nacional 6.0 ,41.368885103834,2.153381227899417
El Campus Mundet - UB,otro,Pg Vall d'Hebron 173.0 ,41.43575541409688,2.147158169831797
La llera del riu Besòs,otro,Pl Turó de la Trinitat 1.0 ,41.45464961996649,2.1909188386141625
Reial Acadèmia de Ciències i Arts de Barcelona,otro,C la Rambla 115.0 ,41.38417592716741,2.1707408640195456
El Gòtic,otro,C Paradís 1.0 ,41.383065594486666,2.1770218391588827
El Poblenou,otro,C Pallars 221.0 ,41.4022744450405,2.1990636882594146
Sant Andreu,otro,Pl Comerç 3.0 ,41.43526902100958,2.190044472473194
El nucli antic d'Horta,otro,C Fulton 15.0 ,41.42999427513081,2.161502292023968
La plaça de Lesseps,otro,Pl Lesseps 18.0 ,41.40771234565708,2.1510867322061435
El Campus Ciutadella,otro,C Ramon Trias Fargas 25.0 ,41.39002929461585,2.190872085861088
Parc de la Pegaso,Parc,C Sagrera 179.0 ,41.42688804853377,2.190739286407059
Cases Josefa Villanueva,otro,C Roger de Llúria 80.0 ,41.39489635939134,2.166752451664696
Cristalleries Planell,otro,C Doctor Ibáñez 38.0 ,41.38743624313862,2.131903917807222
Casa Queralt,otro,C Pineda 12.0 ,41.41927179810715,2.147925810285238
Espai Mescladís,otro,C Carders 35.0 ,41.38709531983285,2.1803507473845234
Font Pública,otro,Trav Gràcia 126.0 ,41.40022209501887,2.1561312297043247
Centre Comercial Maremàgnum,Centre,Moll Espanya 5.0 ,41.37576189535446,2.183231333568717
Centre Cívic Can Deu,Centre,Plaça de la Concòrdia 13.0 ,41.38679400774152,2.1325216465394625
Parc de l'Espanya Industrial,Parc,Carrer de Muntadas 1.0 1.0,41.37653564822331,2.139874006322372
Seu del Districte de Sant Andreu,otro,Plaça d'Orfila 1.0 ,41.43602805111317,2.190607338298738
Santa Església Catedral Basílica de Barcelona,otro,Pla Seu 3.0 ,41.384296570811145,2.1761751314006545
La plaça de John Lennon,otro,Pl John Lennon nan ,41.40286050125628,2.1615342716775845
La plaça de Nicolás Salmerón,otro,Pla Nicolás Salmerón nan ,41.39801209292751,2.157480714601559
La Pedrera Romana,otro,C Ferrocarrils Catalans 4.0 ,41.357168740446966,2.145671534709044
Torre de l'Aigua,otro,C Santa Àgata 6.0 ,41.40405325796555,2.152229161692367
La Rambla del Raval,otro,Rbla Raval 12.0 ,41.37888562756235,2.1691786660708967
Xemeneia de Can Galta Cremat,otro,C Arquímedes 30.0 ,41.440635877473454,2.187715361234582
Les Carasses,otro,Pg Torras i Bages 108.0 ,41.44136142057692,2.1910812403192512
"Xemeneia de l'antiga Fábrica ""La Porcelana""",otro,Pl Joan Corrades 1.0 ,41.3730269153328,2.144526050663452
La plaça del Raspall,otro,Pl Raspall nan ,41.401314262013386,2.160701296482157
La Plaça del Setge de 1714,otro,Pl Setge de 1714 nan ,41.3742315617575,2.161040561834341
Casa Sant Felip Neri,otro,C Nena Casas 37.0 ,41.39572136064741,2.130903870123052
El barri Plus Ultra,otro,C Aviador Ruiz de Alda 28.0 ,41.360594861404536,2.14102627404691
Antiga Biblioteca Pública de Sant Andreu de Palomar,otro,C Santa Marta 12.0 ,41.43679975051144,2.1905489388615904
L'Aqüeducte Palombarum,otro,C Fernando Pessoa 1.0 ,41.43821655449944,2.193187925153491
Antic Monòlit Dedicat a la Legión Condor,otro,Pl Reina Maria Cristina 1.0 ,41.38863075155167,2.127086735020199
Cansaladeria Puig,otro,C Gran de Sant Andreu 147.0 ,41.431965377634455,2.1892316530910487
"L'antic Putxet. Els carrers Manacor, Cadis i Putxet",otro,C Putxet 1.0 ,41.40413124648984,2.142225615431341
Passatge de Sant Felip,otro,Ptge Sant Felip 1.0 ,41.40338319158916,2.1471047244543726
La plaça Molina,otro,Pl Molina 1.0 ,41.40128333249604,2.146733983621581
Parc Esportiu de Can Dragó,Parc,C Rosselló i Porcel 7.0 ,41.436593069404815,2.183157005742885
Torre de Sant Jordi,otro,C Sant Eudald 11.0 ,41.413865507094485,2.145538840084051
Villa Conchita o Casa dels Metges,otro,Pg Mare de Déu del Coll 81.0 ,41.41921321493736,2.148484310850028
Carrer Sant Gervasi de Cassoles,otro,C Sant Gervasi de Cassoles 1.0 ,41.40417769240352,2.139512069189189
Teatre Nacional de Catalunya,otro,Plaça de les Arts 1.0 ,41.39971763958852,2.1861052566703805
Jardins de Joan Brossa,Jardins,Plaça de Dante 9999.0 9999.0,41.36867092135471,2.165012850406953
Castell de Montjuïc,otro,Carretera de Montjuïc 66.0 ,41.36446421195711,2.1671241451784176
Jardins Laribal,Jardins,Pg Santa Madrona 2.0 ,41.36812384413011,2.158482875531215
Casernes d'Artilleria  de Sant Andreu,otro,Pg Torras i Bages 141.0 ,41.44395793480301,2.19050806677001
L'Estació dels FGC de Sarrià,otro,C Cardenal Sentmenat 43.0 ,41.39829106263617,2.1250093275396296
Mercat Sarrià,Mercat,Pg Reina Elisenda Montcada 8.0 ,41.3998359320904,2.1207231796604997
Mercat Abaceria Central,Mercat,Pg Sant Joan 181.0 ,41.40318652868216,2.164179164252221
Cementiri Sant Gervasi,Cementiri,Camí del Cementiri de Sant Gervasi 4.0 ,41.4111553532629,2.1266252111412056
Cementiri d'Horta,Cementiri,Plaça del Cementiri d'Horta 9.0 ,41.4404241840174,2.156066057589673
Escultura Fray Pedro Ponce de León,otro,Pg Sant Joan 210.0 ,41.40440352665176,2.163008249478441
Casa Martí - Els Quatre Gats,otro,Montsió 3.0 ,41.38603997054996,2.1735178081132696
Jardins,Jardins,G.V. Corts Catalanes 585.0 ,41.3865770289631,2.16403049732852
Jardins Plaça de Can Fabra,Jardins,Carrer del Segre 24.0 24.0,41.434925914293984,2.191738858342075
L'avinguda del Tibidabo,otro,Av Tibidabo 4.0 ,41.41053474585558,2.1370219362887046
El Passeig de Gràcia,otro,Passeig de Gràcia 80.0 80.0,41.39396889918061,2.163183157188379
Torre de Santa Caterina,otro,C Panamà 21.0 ,41.394987347747104,2.1059277429633085
La Previsió Obrera,otro,C Doctor Balari i Jovany 13.0 ,41.435363668960846,2.190849375486821
Refugi Antiaeri de la Sagrera,otro,C Berenguer de Palou 64.0 ,41.42373640875645,2.191951961584244
Carrer Campo Florido,otro,C Campo Florido 9.0 ,41.42138115685976,2.182484957753459
Carrer Coroleu,otro,C Coroleu 42.0 ,41.43298298344629,2.187190543503709
Pastisseria Escribà *La Rambla,otro,C la Rambla 83.0 ,41.381562357710784,2.1727040810941585
Hotel Peninsular - HB-003154,otro,C Sant Pau 34.0 ,41.37962578754925,2.1725113181323525
Mercat Clot,Mercat,Pl Mercat 26.0 ,41.40761694241932,2.188644372365021
Mercat Poblenou - Unió,Mercat,Pl Unió 25.0 ,41.40102174848232,2.205429196399153
Club Natació Barcelona,Club,Pg Joan Borbó C Barcelona 93.0 ,41.37127323270199,2.187849724478972
Torre Castanyer,otro,Pg Sant Gervasi 5.0 ,41.4078488716108,2.134224907245418
El passatge de Xile,otro,Ptge Xile 1.0 ,41.37689172436965,2.116314819784081
Els Jardins d'Eusebi Güell,Jardins,Pl Eusebi Güell nan ,41.39044758234289,2.1144064064040826
Centre Educatiu Impulsem,Centre,C Tàpies 6.0 ,41.376680258915165,2.1710512409002245
Ateneu Barcelonès,otro,Carrer de la Canuda 6.0 ,41.38468020491708,2.171664567764501
Jardins del Turó del Putxet,Jardins,C Manacor 9.0 ,41.40774734930597,2.1425177258809422
Parc de Monterols,Parc,Carrer de Muntaner 450.0 ,41.40161305479784,2.1397735122452017
Parròquia de Santa Madrona,Parròquia,C Tapioles 10.0 ,41.3741976792283,2.164693483626283
Masia Ca l'Armera,otro,C Cardenal Tedeschini 32.0 ,41.42562795245565,2.183215458926026
Centre Cívic Vil·la Florida,Centre,Carrer de Muntaner 544.0 ,41.40536533899808,2.135308972460361
Fundació Suñol,otro,Carrer de Mejía Lequerica 14.0 ,41.38265181042153,2.126410211337908
Cementiri Sant Andreu,Cementiri,Carrer dels Garrofers 35.0 ,41.437412139312414,2.1790301618213404
Gerència Urbanística Port Vell de l'Autoritat Portuària de Barcelona,otro,C Josep Anselm Clavé 27.0 ,41.37792481602983,2.1782341227997044
Casa Castellet,otro,C Torrijos 26.0 ,41.40322501663376,2.1591194797287576
Farmàcia Clapés Viñas,otro,C Gran de Sant Andreu 211.0 ,41.43381060796746,2.1892905825595
Casa Concepció i Casa Comelles,otro,C Astúries 26.0 ,41.403249208074975,2.154208667587497
Casa Cortina,otro,Av República Argentina 82.0 ,41.41022204823075,2.14606270494447
Casa Enric Cera,otro,C Or 38.0 ,41.40467490062874,2.1573773724992016
Casa Girona i Cuyàs,otro,C Gran de Gràcia 6.0 ,41.39819978132556,2.1575989671703684
Casa Joan Matas,otro,C Francisco Giner 32.0 ,41.39939919545339,2.158955446305032
Fabra i Coats - Fàbrica de Creació,otro,C Sant Adrià 20.0 ,41.433793974354174,2.1908326284827284
Casa José de Ugarte,otro,C Santa Perpètua 15.0 ,41.407908057431946,2.1523730608821405
Escola Business Engineering School - la Salle,Escola,C Lluçanès 41.0 ,41.40890993792351,2.1311370586996183
Museu del Perfum - Fundació Planas Giralt,Museu,Pg Gràcia 39.0 ,41.39150740418814,2.1652454674735444
Associació d'Emprenedors del Clot - Eix Clot,otro,Carrer de Sant Antoni Maria Claret 358.0 358.0,41.41643869811126,2.181492927401364
Unió de Botiguers del Cor d'Horta,otro,Carrer de Santes Creus 8.0 8.0,41.43029883469144,2.162232311962768
Cases Blanques,otro,C Vayreda 24.0 ,41.431488091656256,2.140820837872433
Refugi Antiaeri de Can Peguera,otro,C Cornudella 45.0 ,41.43411211194424,2.165334527114244
Can Tusquets,otro,Av Santuari St Josep Muntanya 1.0 ,41.4104399702781,2.154195493067497
Casa Agustí Trulla,otro,C Berga 22.0 ,41.40073485164731,2.1529945860625257
Biblioteca Collserola - Josep Miracle,otro,Carrer d'Elisa Moragas i Badia 16.0 ,41.41538974314011,2.102546833751382
Casa Víctor Conill,otro,C Gran de Gràcia 1.0 ,41.397802872401726,2.157352034558083
Cases Leandre Vidal,otro,C Fraternitat 35.0 ,41.40086949415278,2.160109975770286
Edifici Puiggròs,otro,C Martínez de la Rosa 27.0 ,41.39966543105189,2.1592603871633957
Centre Cívic Vallvidrera Vázquez Montalbán,Centre,Carrer d'Elisa Moragas i Badia 16.0 ,41.41539106451316,2.102545331836101
Escola Superior de Disseny i d'Art Llotja,Escola,C Ciutat de Balaguer 17.0 ,41.40260219806344,2.136130474690944
Parc de Can Sabaté,Parc,C Mineria 16.0 ,41.36437449049291,2.137749555318519
Casa Faiol - Casa de la Papallona,otro,Llança 20.0 ,41.37663697598416,2.150298953457356
Jardins del Palau Robert,Jardins,Passeig de Gràcia 107.0 107.0,41.396131607667456,2.159538941393651
Palau de la Música Catalana,Palau,C Palau de la Música 2.0 ,41.38736310291296,2.1751754135417323
Museu Palmero Arte,Museu,Judea 2.0 ,41.4252047837623,2.140179989039568
Edifici La Rotonda,otro,Av Tibidabo 2.0 ,41.41053474585558,2.1370219362887046
EINA - Escola de Disseny i Art,Escola,Pg Santa Eulàlia 25.0 ,41.40287986302204,2.114333805752234
Casa dels Ossos,otro,Av Diagonal 423.0 ,41.39465875789174,2.1529838685904554
Centre Municipal de Vela,Centre,Moll Gregal 33.0 ,41.38842104043444,2.2016968649217765
Escola Lluís Vives,Escola,C Canalejas 107.0 ,41.37186290045591,2.1280851779733574
Parc Carmel,Parc,Ctra Carmel 9999.0 ,41.41516676215983,2.155269268607678
Premsa de Vi de Can Xandri,otro,Plaça d'en Xandri 3.0 3.0,41.43822585647148,2.1853478240155115
La plaça de les Glòries Catalanes,otro,Pl Glòries Catalanes 36.0 ,41.40259189980736,2.18733195275548
Casa Lleó Morera,otro,Pg Gràcia 35.0 ,41.391311136498935,2.165491865898989
Jardins de les Tres Xemeneies,Jardins,Av Paral.lel 49.0 ,41.37448327029571,2.172430025242432
Parc de la Font Florida,Parc,G.V. Corts Catalanes 196.0 ,41.368634514222805,2.14105045396157
Zona de Banys,otro,Plaça del Fòrum 1.0 ,41.41106682138965,2.221714876463801
Escultura Mistos,otro,Jorge Manrique 9.0 ,41.43084545648815,2.151482440531504
Parc de la Creueta del Coll,Parc,Pg Mare de Déu del Coll 77.0 ,41.419264262411424,2.1462520569914068
Fira Barcelona,otro,Avinguda de la Reina Maria Cristina 2.0 ,41.3727179943061,2.150211222762335
La plaça d'Orfila,otro,Pl Orfila 2.0 ,41.43624446859994,2.1909591589263973
El Tibidabo,otro,Ctra Observatori Fabra 25.0 ,41.41891333512116,2.1233033539813286
Bar Musical London Bar,otro,C Nou de la Rambla 34.0 ,41.37814933333809,2.1731803971737738
Font Màgica - Fonts de Montjuïc *Aturada degut a la situació d'alerta per sequera,otro,Plaça de Carles Buïgas 1.0 ,41.37020770355242,2.154032861702001
La Maquinista Terrestre i Marítima,otro,Pl Pompeu Gener 1.0 ,41.38164285238863,2.1907168710652614
Unió de Cooperatives per a la Fabricació de Pastes per a Sopa,otro,C Aurora 11.0 ,41.37867570317367,2.1681069096683667
Casa Sarriera,otro,C Palma de Sant Just 8.0 ,41.382407945809554,2.178630636272102
Bibiblioteca Rector Gabriel Ferraté,otro,Jordi Girona 1.0 ,41.38790151896208,2.1146704334958524
Conservatori Municipal de Música de Barcelona,otro,C Bruc 110.0 ,41.39590030798757,2.1680371208078077
Teatro de los Sentidos,otro,Camí Polvorí 1.0 ,41.36425978367883,2.1432333432874637
Cementiri Sant Genís,Cementiri,Saldes 3.0 ,41.42798213665874,2.1365982986152545
Cooperativa Obrera Popular Segle XX,otro,C Atlàntida 1.0 ,41.38164663472414,2.189153267840029
L'Aquàrium de Barcelona - Aspro Parks,otro,Moll Espanya 5.0 ,41.37680536906014,2.1843840154597025
Religioses de la Mare de Déu de la Mercè,otro,Sant Gervasi de Cassoles 66.0 ,41.40590933439461,2.1375174554869414
La Torre Blanca,otro,Pg Til·lers 1.0 ,41.38946749792318,2.11876260601679
Pilar d'Aigua de Sant Andreu,otro,C Llenguadoc 95.0 ,41.4303599257898,2.1852706828435733
La Plaça de les Havaneres,otro,C Jordi de Sant Jordi 5.0 ,41.42125404672891,2.1826779224213384
'La Masia' del Barça,otro,Av Joan XXIII 2.0 ,41.38164275556459,2.1215489678471395
"""Vivendes"" del Congrés Eucarístic",otro,Pl Congrés Eucarístic 7.0 ,41.42583306266904,2.181536675794661
Antiga Biblioteca Infantil del GATCPAC,otro,Pl Palmeres 2.0 ,41.43240704975568,2.186285451200647
Parc d'Atraccions del Tibidabo,Parc,Plaça del Tibidabo 3.0 3.0,41.42161843553102,2.118740285636823
Centre Cultural La Farinera del Clot,Centre,Gran Via de les Corts Catalanes 837.0 ,41.40487897583886,2.18840476699031
Places de Joaquim Folguera i Frederic Soler,otro,Pl Joaquim Folguera nan ,41.40542924572357,2.1389166559414927
El Conjunt Residencial de Les Escales Park,otro,C Sor Eulàlia d'Anzizu 38.0 ,41.39204783587929,2.1153886541782843
El passatge de Tubella,otro,Ptge Tubella 1.0 ,41.38372383321053,2.135927755117388
Colònia Carné,otro,Av Sant Ramon Nonat 22.0 ,41.376822310380064,2.117058367742885
La plaça de Pedralbes,otro,Pl Pedralbes nan ,41.395729151007615,2.114218062249275
Herboristeria del Rei,otro,Vidre 1.0 ,41.38070755674348,2.175034436574318
L'Auditori de Barcelona,otro,Carrer de Lepant 150.0 ,41.39877242493477,2.185159128100962
Hotel Melia Barcelona Sky - HB-004358,otro,C Pere IV 272.0 ,41.40628819017893,2.200634797754356
Casa Carreras,otro,Av Pearson 14.0 ,41.39404843334341,2.108987100941613
La plaça del Monestir,otro,Pl Monestir nan ,41.39644186075786,2.1129074520593005
Parc de Diagonal Mar,Parc,Carrer de Llull 356.0 360.0,41.40849031137141,2.212231951523546
La Porta Est de la Finca Güell,otro,Av Joan XXIII 27.0 ,41.38555915734198,2.1223275022909265
Centre Cívic Sarrià,Centre,Carrer d'Eduardo Conde 22.0 ,41.39390619967619,2.1211872573336934
Edifici de la Fàbrica Moritz - Espai Gastronòmic i Cultural,otro,Rda Sant Antoni 39.0 ,41.38253112132162,2.1634359544972748
Parc del Centre del Poblenou,Centre,Av Diagonal 130.0 ,41.40679356695045,2.199757373643509
Centre Penitenciari Obert 2  - Presó de Dones de la Trinitat,Centre,C Pare Manjón 2.0 ,41.45352852329394,2.191463299081721
Parc de la Primavera,Parc,C Nou de la Rambla 203.0 ,41.37046396116055,2.1658337161656225
Casa Vilabella,otro,C Astúries 65.0 ,41.40416890235721,2.155505247349864
Edifici Modernista Francisco Giner 47,otro,C Francisco Giner 47.0 ,41.39978158248624,2.1583968710038635
Edifici d'Habitatges Gran de Gràcia 138,otro,C Gran de Gràcia 138.0 ,41.40169937350612,2.153476912041365
Ermita de la Mare de Déu de la Salut,otro,C Mare de Déu de la Salut 55.0 ,41.41154995474912,2.15710983691872
Fàbrica Artés,otro,C Venus 8.0 ,41.3996059970396,2.1622755265173805
La plaça de Gal·la Placídia,otro,Pl Gal·la Placídia 1.0 ,41.39860621855363,2.1529425675079312
Reial Acadèmia de Medicina de Catalunya,otro,C Carme 47.0 ,41.38152411821448,2.168974973139409
Centre Cívic Casa Orlandai,Centre,Carrer de Jaume Piquet 23.0 ,41.3983599977031,2.1246720318706647
Pavelló Mies van der Rohe,otro,Avinguda de Francesc Ferrer i Guàrdia 7.0 ,41.370842160327136,2.149776113823393
Parròquia de Sant Gregori Taumaturg,Parròquia,Pl Sant Gregori Taumaturg nan ,41.39422199323784,2.138413658076152
Casal de Barri Pou de la Figuera,otro,Carrer de Sant Pere Més Baix 70.0 ,41.38819881761839,2.17865660673348
Centre Cultural Teresa Pàmies,Centre,C Comte d'Urgell 145.0 ,41.38689535147527,2.152049712385728
Esplai Tr3smon,otro,C Mare de Déu de Port 279.0 ,41.3598021106686,2.1417439533847342
Plaça de la Mercè,otro,Plaça de la Mercè 1.0 1.0,41.37939878522798,2.1795617635934748
Hotel W Barcelona - HB-004411 *Edifici Vela,otro,Pl Rosa dels Vents 1.0 ,41.36836130546307,2.1899983126477727
Cereria Subirà,otro,Bda Llibreteria 7.0 ,41.38381148695298,2.1780445376953748
Espai Jove La Fontana,otro,Carrer Gran de Gràcia 190.0 192.0,41.40325591053633,2.1523241627536023
Jardins dels Drets Humans,Jardins,C Foneria 19.0 ,41.36102656268192,2.1367088188150576
Església del Reial Santuari de Sant Josep de la Muntanya,otro,Av Santuari St Josep Muntanya 25.0 ,41.4104399702781,2.154195493067497
Associació Xarxa de Consum Solidari,otro,Plaça de Sant Agustí Vell 15.0 15.0,41.387846200809165,2.1806947519007056
Mercat Encants Barcelona - Fira de Bellcaire,Mercat,Carrer de los Castillejos 158.0 ,41.401063548775554,2.1856692459565465
Cementiri Les Corts,Cementiri,Avinguda de Joan XXIII 3.0 ,41.383168531331165,2.1216835608063085
Cementiri Sarrià,Cementiri,Camí del Cementiri de Sarrià 10.0 ,41.401007141442,2.1276081162893665
Cementiri Poblenou,Cementiri,Avinguda d'Icària 204.0 ,41.39459329629176,2.201156811755032
Col·legi de Censors Jurats de Comptes de Catalunya,otro,C Sor Eulàlia d'Anzizu 41.0 ,41.39041020339857,2.11279079824562
Biblioteca Jaume Fuster,otro,Plaça de Lesseps 20.0 ,41.40749096939712,2.149775202551298
Torre Jussana - Centre de Serveis a les Associacions,Centre,Av Cardenal Vidal Barraquer 30.0 ,41.42969190027591,2.15131477992075
Acàdemia Blancafort - Antiga Editorial Seguí,otro,C Torrent de l'Olla 9.0 ,41.39878162390739,2.1609062506181
Can Pardal,otro,C Montseny 49.0 ,41.40285879796171,2.156185776031604
Edifici d'habitatges Gran de Gràcia 74*76,otro,C Gran de Gràcia 74.0 ,41.40008719962975,2.1553848011746144
Eix Comercial del Raval,otro,C Nou de la Rambla 14.0 ,41.37883670716191,2.173892474795089
Escola d'Aprenents SEAT,Escola,Pg Zona Franca 53.0 ,41.35443340782173,2.142929012130741
Mercat Concepció,Mercat,Carrer d'Aragó 311.0 ,41.39556815947775,2.169071648271845
Mercat Sant Antoni,Mercat,Carrer del Comte d'Urgell 1.0 ,41.37956821941282,2.161743115837759
Mercat Les Corts,Mercat,Travessera de les Corts 215.0 ,41.38407806063042,2.1298048647400445
Mercat Galvany,Mercat,Carrer de Santaló 65.0 ,41.39668239144885,2.143678943368952
Espai Bombers Parc de la Prevenció de Barcelona,Parc,C Lleida 30.0 ,41.37369595375426,2.154566177208794
Mooby Bosque Multicines,otro,Rambla de Prat 16.0 ,41.40139721074222,2.151721868976122
Masia Can Fargas,otro,Pg Maragall 383.0 ,41.42760361480803,2.164467317118893
Carrer Gran de Sant Andreu,otro,C Malats 26.0 ,41.43612543255933,2.189879647556801
Foment Republicà de Sants. Antic Ateneu Batllori,otro,C Cros 7.0 ,41.37489008455714,2.1380612359989244
Gran Teatre del Liceu,otro,C la Rambla 51.0 ,41.38014677441643,2.1733467293401083
Telefèric de Montjuïc,otro,Av Miramar 20.0 ,41.36885056534847,2.1630513619866973
El passeig de Sant Joan,otro,Pg Sant Joan 118.0 ,41.40053820160704,2.168556539279617
La plaça de la Vila de Gràcia,otro,Pl Vila de Gràcia 3.0 ,41.40038030274788,2.1575252768954654
El Congrés i els Indians,otro,C Pinar del Río 56.0 ,41.42267428633185,2.1801325133211784
El Quadrat d'Or,otro,C Consell de Cent 353.0 ,41.39176911227801,2.166394367405672
El 22@,otro,C Roc Boronat 113.0 ,41.40196782553371,2.1954426698372225
L'Estació de La Sagrera,otro,C Hondures 76.0 ,41.42192407346947,2.187378057190909
Plaça del Nen de la Rutlla,otro,Pl Nen de la Rutlla 9999.0 ,41.4188254176045,2.1715923368510053
La Muralla Romana,otro,Pl Ramon Berenguer el Gran 3.0 ,41.384336103363474,2.1775827025795835
Casa Granell *Girona,otro,C Girona 122.0 ,41.39730099114916,2.1680813060601696
Casa Casas-Carbó,otro,Pg Gràcia 96.0 ,41.395481069803886,2.1613599645166035
Casa Antoni Costa,otro,Rbla Catalunya 122.0 ,41.39516263147227,2.15817039068309
Casa Comas d' Argemir,otro,Av República Argentina 92.0 ,41.4107909301786,2.145865303185273
Plaça de la Virreina,otro,Pl Virreina 3.0 ,41.40510303249848,2.1574390767796707
Plaça del Nord,otro,Pl Nord 3.0 ,41.40697402455321,2.1554445283158845
Monestir de Sant Pau del Camp,otro,C Sant Pau 99.0 ,41.37650076335756,2.16931450249219
Edifici de l'Antic Hospital de la Santa Creu,otro,C Hospital 56.0 ,41.38108881941955,2.169811468590316
Jardí Botànic de Barcelona,otro,Carrer del Doctor Font i Quer 2.0 2.0,41.364103174008655,2.15874551177556
Casa Juncosa,otro,Rbla Catalunya 78.0 ,41.39236095361858,2.1620196660786224
Cases Pascual i Pons,otro,Pg Gràcia 2.0 ,41.388385084056864,2.1701506816093343
El passatge de Mallofré,otro,Ptge Mallofré 2.0 ,41.39853989512909,2.1219274312322
La plaça de Sant Vicenç,otro,Pl Sant Vicenç de Sarrià 1.0 ,41.39722392491164,2.1240817850248583
Plaça de Rovira i Trias,otro,Pl Rovira i Trias 3.0 ,41.40746803755208,2.158608041169958
Plaça de la Revolució,otro,Pl Revolució de Setembre 1868 4.0 ,41.402830728949546,2.158258723259312
Casa Llorenç Camprubí,otro,C Casp 22.0 ,41.38934938466776,2.170855670436062
Forn Sarret,otro,C Girona 73.0 ,41.39477841624774,2.1710520735754435
Casa Dolors Calm,otro,Rbla Catalunya 54.0 ,41.39086396941241,2.164071911206961
L'Anella Olímpica,otro,Av Estadi 44.0 ,41.36617316365693,2.1525839482341884
La Zona Universitària,otro,C John M Keynes 4.0 ,41.38614602205185,2.116760355882887
"El Campus Nord, Ciutat Universitària",otro,C Jordi Girona 4.0 ,41.387167536117424,2.112824395389949
Centre Cívic Cotxeres de Sants,Centre,Carrer de Sants 79.0 ,41.37529848802474,2.136897693555585
Parc Torrent Maduixer,Parc,C Josep Garí 7.0 ,41.4157696917074,2.1353909998606846
La Casa de l'Aigua,otro,C Garbí 2.0 ,41.45296545224615,2.188036804130217
Seu de l'Antiga Hidroelèctrica de Catalunya,otro,C Almogàvers 11.0 ,41.39192618305821,2.182863588545234
Parc de la Maquinista per les treballadores i els treballadors de la Maquinista,Parc,Passeig de l'Havana 2.0 4.0,41.43634320300456,2.196101084364239
Residència Salesiana Martí Codolar,otro,Av Cardenal Vidal i Barraquer 15.0 ,41.42844354375264,2.150872845796388
Fundació Privada Foto Colectania,otro,Pg Picasso 14.0 ,41.3876733654223,2.1827368854864178
Antiga Foneria de Canons,otro,C Rambla 2.0 ,41.37692960265057,2.177040671271692
Carrer de la Riereta,otro,C Riereta 1.0 ,41.37926084805356,2.1669844143365613
Casa -Fàbrica Vermell-Martí,otro,C Jonqueres 10.0 ,41.3882604557891,2.174179225423808
El Passeig de les Aigües,otro,Ctra Aigües 211.0 ,41.41417937369979,2.119019897033429
Plaça Masadas,otro,Pl Masadas 1.0 ,41.424786104383934,2.190177003471264
Conjunt de Sant Martí de Provençals,otro,C Selva del Camp 2.0 ,41.42090417387696,2.196643734220937
Mural de la Memòria de Baró de Viver,otro,Pg Santa Coloma 98.0 ,41.4478129864912,2.1984226201584325
Masia Can Rosés,otro,C Deu i Mata 49.0 ,41.38827496816367,2.1348326553076955
El Vapor  - Fàbrica Bonaplata,otro,C Tallers 75.0 ,41.38494614000926,2.1667630471377124
Església Antic Institut Mental,otro,C Marie Curie 8.0 ,41.43699356015132,2.1691554098488184
El Raval,otro,Rbla Raval 37.0 ,41.37843259823847,2.170175969805075
Sant Antoni,otro,C Comte d'Urgell 7.0 ,41.37975147357524,2.1615104199875472
La plaça d'Espanya,otro,Pl Espanya 4.0 ,41.37397463762443,2.1487108014908456
El Poble-sec,otro,C Blai 36.0 ,41.37402706084629,2.163850226343413
Les Corts,otro,Pl Concòrdia 2.0 ,41.38669051526725,2.131946333706955
Centre Cívic Pere Pruna,Centre,Carrer de Ganduxer 130.0 ,41.40320904460328,2.13132023534547
La Plaça dels Indians,otro,C Garcilaso 140.0 ,41.42345483645125,2.182535991490844
Carrer de les Monges,otro,C Monges 10.0 ,41.430689656123576,2.187943106250125
Mercat Llibertat,Mercat,Plaça de la Llibertat 27.0 ,41.399737848805614,2.1537484882528983
Museu Etnològic i de Cultures del Món *Parc Montjuïc,Parc,Passeig de Santa Madrona 16.0 ,41.36909366060917,2.156001328720349
Filmoteca de Catalunya,otro,Plaça de Salvador Seguí 1.0 ,41.378633698248855,2.171026973674133
Parc de la Font del Racó,Parc,Av Tibidabo 72.0 ,41.41609393601731,2.130839745769486
Hospital Clínic i Provincial,otro,C Villarroel 170.0 ,41.38955539831457,2.152194463242196
Casa del Guarda -  Espai d'Interpretació del Pantà de Vallvidrera,otro,Camí del Pantà 40.0 ,41.415598383773975,2.0973845422401483
Floristeria Flora Miserachs,otro,C Avió Plus Ultra 21.0 ,41.40098051100123,2.12109349397744
Parròquia de Maria Reina,Parròquia,Av Esplugues 103.0 ,41.39269599560134,2.111486130409106
Casa Calvet,otro,C Casp 48.0 ,41.39096800710249,2.1730144223801227
Escultura Pi i Margall-La República,otro,Pl de la República 1.0 ,41.438224060995616,2.1740546617840075
Centre de Cultura Popular La Violeta de Gràcia,Centre,C Maspons 6.0 ,41.4010309942708,2.1562145898860363
Jardins de Joan Maragall - Palauet Albéniz,Jardins,Av Estadi 69.0 ,41.3671333000304,2.156511461067073
Palau del Baró de Quadras,Palau,Av Diagonal 373.0 ,41.396775817125445,2.161339600186852
"Casal Catòlic de Sant Andreu - Àntic Casino ""El Progrés""",otro,C Pons i Gallarza 58.0 ,41.43555707085925,2.186466964815642
Reial Club Nàutic de Barcelona,Club,Moll Espanya 1.0 ,41.377238724292056,2.1830264347318584
Museu Picasso,Museu,Carrer de Montcada 15.0 23.0,41.38518764927223,2.180853795205005
Col·legi d'Arquitectes de Catalunya,otro,Pl Nova 5.0 ,41.38447776866129,2.175059343001021
Antiga Fàbrica Can Batlló,otro,Gran Via de les Corts Catalanes 173.0 175.0,41.36750541072863,2.1384951543142887
Centre Cívic El Coll - La Bruguera,Centre,Carrer de l'Aldea 15.0 ,41.41860650477411,2.149915320833742
IL3 Institut de Formació Contínua - Universitat de Barcelona,otro,C Ciutat de Granada 131.0 ,41.40277794946352,2.192149004479942
Església de Nostra Senyora de Pompeia,otro,Av Diagonal 450.0 ,41.39646355499734,2.1581534123611474
Escultura Colles Sant Medir,otro,Pl Trilla 1.0 ,41.40349932760185,2.152415836295016
Sant Pau Recinte Modernista,otro,Carrer de Sant Antoni Maria Claret 167.0 ,41.41241647123583,2.1757600481895056
Font Hércules,otro,Pg Sant Joan 152.0 ,41.40222084859364,2.1663348303868437
Estació d'Autobusos Barcelona Nord,otro,C Alí Bei 80.0 ,41.394325719298415,2.182338154669274
Casa Llopis Bofill,otro,Bailèn 113.0 ,41.39767792794139,2.169479497833732
Residència Assistida per a Gent Gran Llars Mundet,otro,Pg Vall d'Hebron 171.0 ,41.43575541409688,2.147158169831797
Observatori Fabra,otro,Ctra Observatori Fabra 27.0 ,41.41877190341054,2.1236452624703155
Associació Nou Barris Centre Comerç,Centre,C Pare Rodés 51.0 ,41.44133560174434,2.176213867579158
Reial Club de Polo de Barcelona,Club,Av Doctor Marañón 17.0 ,41.381284762938655,2.1144500349192548
Jardins de Portolà,Jardins,C Portolà 5.0 ,41.410819046980855,2.14255769920195
Hospital  Sociosanitari Mutuam Güell,otro,C Mare de Déu de la Salut 49.0 ,41.411445154741465,2.1567276831754065
Centre Moral i Instructiu de Gràcia,Centre,Carrer de Ros de Olano 9.0 ,41.4011467607569,2.1547866320723554
Parròquia de la Verge de Gràcia i Sant Josep,Parròquia,Pl Lesseps 25.0 ,41.4065945273656,2.1489419133653587
Escola Massana Centre Municipal d'Art i Disseny,Centre,Plaça de la Gardunya 9.0 ,41.380953983657726,2.1708053338176225
Centre de Reunions i Convencions UAB Casa Convalescència,Centre,C Sant Antoni Maria Claret 171.0 ,41.41379174747705,2.176910232352591
Parc Científic de Barcelona,Parc,Carrer de Baldiri Reixac 4.0 12.0,41.38184573119936,2.116442974830661
Estació de França,otro,Avinguda del Marquès de l'Argentera 6.0 ,41.38390532899724,2.1871972542686304
Viaducte de Bellesguard,otro,C Bellesguard 16.0 ,41.40916537462648,2.126829667587517
Centre Cívic  Vil·la Urània,Centre,Carrer de Saragossa 29.0 ,41.40144911965885,2.149816841793133
Platja de la Nova Mar Bella,Platja,Pg Marítim de la Mar Bella 128.0 ,41.401144617626905,2.2142493854271126
Torre del Fang,otro,Clot 228.0 ,41.41650054695728,2.1919480476112105
Bar Marsella,otro,C Sant Pau 65.0 ,41.3782782040133,2.17122360530803
Torre Montjuïc Calatrava,otro,Pg Minici Natal 8.0 ,41.364786605041445,2.1516565451460616
Associació Sarrià Eix Comercial,otro,C Canet 20.0 ,41.39840201073239,2.122763546217199
Casal Cívic i Comunitari Barcelona - Magòria,otro,G.V. Corts Catalanes 247.0 ,41.36986934117719,2.14126001076402
Monument a Josep Tarradellas,otro,Avinguda de Josep Tarradellas nan ,41.386548699111046,2.143065853774402
Jardins Creu de Pedralbes,Jardins,Av Pearson 2.0 ,41.39433185278547,2.1115767347502405
Pèrgola Fotovoltaica al Parc del Fòrum,Parc,Pl Fòrum 1.0 ,41.41150571915544,2.2281237482570995
Jardins del Teatre Grec,Jardins,Pg Santa Madrona 38.0 ,41.37014353208927,2.158621128519657
Parc de la Barceloneta,Parc,Passeig Marítim de la Barceloneta - Oriol Bohigas 15.0 21.0,41.38205501687279,2.193838416918405
Universitat Politècnica de Catalunya,otro,C Jordi Girona 31.0 ,41.3889419870853,2.116537839859507
Parc de Recerca Biomèdica de Barcelona,Parc,C Doctor Aiguader 88.0 ,41.38557632373501,2.194017030461737
Moll de la Fusta,otro,Moll de Bosch i Alsina 1.0 1.0,41.37903656788793,2.181832960571753
Jardins Mossèn Cinto Verdaguer,Jardins,Av Miramar 30.0 ,41.36885056534847,2.1630513619866973
Jardins,Jardins,Pg Vall d'Hebron 171.0 ,41.43592904989888,2.1409312542675263
Escullera del Port de Barcelona,otro,Pg Escullera 1.0 ,41.3576877479369,2.179383881515306
Associació Eix Comercial de Sant Andreu,otro,Carrer de Mateu Ferran 4.0 4.0,41.4351988564254,2.18890388341691
Reials Drassanes de Barcelona,otro,Av Drassanes 1.0 ,41.375981756802304,2.1760573876381613
Museu d'Art Contemporani de Barcelona,Museu,Plaça dels Àngels 1.0 ,41.383177415641065,2.16784852899158
Palau Sant Jordi,Palau,Pg Olímpic 5.0 ,41.3620001141372,2.1523962021929672
Antiga Subcentral Elèctrica de la Barceloneta,otro,C Atlàntida 57.0 ,41.37949735138732,2.190007515254681
Camp Municipal de Futbol Narcís Sala,otro,C Santa Coloma 39.0 ,41.42889692238828,2.1930944831499715
Museu Barça Immersive Tour,Museu,Carrer d'Arístides Maillol 12.0 ,41.379090515776426,2.120285513558928
Torre d'Aigües de Carrasco i Formiguera,otro,Via Augusta 356.0 ,41.40127423556232,2.122852491250377
Torre del Doctor Andreu,otro,Av Tibidabo 17.0 ,41.411850643734354,2.135695010644845
Colònia Castells,otro,C Castells 2.0 ,41.387548470347184,2.1392455922096265
La plaça de Comas,otro,Pl Comas 18.0 ,41.38564406822385,2.1297722513988706
La plaça de la Reina Maria Cristina,otro,Pl Reina Maria Cristina nan ,41.38864240334821,2.126698190734328
La plaça de Ramon M. Roca i Sastre,otro,Pl Ramon M. Roca Sastre nan ,41.38571907130875,2.118772762148288
Jardins de Vil·la Cecília,Jardins,Santa Amèlia 1.0 ,41.39374957203114,2.121963830470535
Centre d'Educació Ambiental La Fàbrica del Sol,Centre,Pg Salvat Papasseit 1.0 ,41.383031580266,2.1912801963845494
Pilar d'Aigua de la Sagrera,otro,C Ciutat d'Elx 31.0 ,41.4220738556162,2.190885833187442
La Plaça del Rom Cremat,otro,C Jordi de Sant Jordi 16.0 ,41.42215416804366,2.182983037488512
La Plaça del Mercadal,otro,Pl Mercadal 35.0 ,41.43498808409701,2.188717976056457
L'Espai de la Torre Melina i el seu Jardí Romàntic,otro,C Torre Melina 8.0 ,41.381730229359285,2.1085900896337453
Avenç Obrer Català de Sant Andreu,otro,Pl Orfila 3.0 ,41.43624446859994,2.1909591589263973
Centre Comercial El Centre de la Vila,Centre,C Salvador Espriu 61.0 ,41.39092742219698,2.1978686794906324
Memorial en Record de les Víctimes de Trànsit,otro,Passeig Marítim del Bogatell 82.0 ,41.39460267821261,2.2067544978597606
Castell dels Tres Dragons,otro,Pg Picasso 5.0 ,41.38811182882805,2.1833851582204957
Parròquia de Sant Josep Manyanet,Parròquia,C Sant Sebastià 47.0 ,41.42900359854308,2.1914231867699456
Centre Cívic Sant Andreu,Centre,Carrer Gran de Sant Andreu 111.0 ,41.43088018380354,2.1894124386376466
Palau de Mar,Palau,Pl Pau Vila 1.0 ,41.3808386412199,2.1858736814996145
Quarter Bruc,otro,Av Exèrcit 1.0 ,41.38730794999315,2.110666688042147
Mercat Núria,Mercat,Avinguda dels Rasos de Peguera 186.0 186.0,41.45995202920537,2.1726367468768304
Edifici de La Model,otro,Carrer d'Entença 155.0 ,41.38346653721597,2.145384599812989
Can Mazantini,otro,C Coroleu 73.0 ,41.43314257686843,2.184650085607281
Casa Fargas,otro,Rbla Catalunya 47.0 ,41.39040808759584,2.164148990973875
Ateneu Popular de Sants,otro,Premià 15.0 ,41.37650856330917,2.1388908758746004
Parc de les Cascades,Parc,Avinguda del Litoral 12.0 14.0,41.38631260802294,2.195094646620497
Centre Cívic Can Felipa,Centre,Plaça de Josep Maria Huertas Claveria 1.0 ,41.40367975860696,2.20050971216533
La Plaça Reial,otro,Pl Reial 5.0 ,41.38044055326621,2.1749759344450665
Casa Planells,otro,Av Diagonal 332.0 ,41.4005940299752,2.174625257658432
Escola la Farigola de Vallcarca,Escola,C Sant Camil 31.0 ,41.4138319736047,2.146680968580762
Antiga Fàbrica Estrella Damm,otro,Carrer del Rosselló 515.0 ,41.40912820969591,2.178180484218155
Facultat de Ciències de la Salut Blanquerna - URL,otro,C Padilla 326.0 ,41.409786505203634,2.1721184721407334
Parròquia de Santa Maria del Mar - Basílica,Parròquia,Pl Santa Maria 1.0 ,41.38378222100998,2.182224949880879
Jardins del Mirador de l'Alcalde,Jardins,Carretera de Montjuïc 41.0 51.0,41.36693458020852,2.169190267865246
El Portal de l'Àngel,otro,Av Portal de l'Àngel 21.0 ,41.38587859872714,2.172844151594492
Zoo de Barcelona,otro,Parc Ciutadella nan ,41.386153673583415,2.1871870138081797
Casa Vidal,otro,C Pons i Gallarza 1.0 ,41.43535513459526,2.1894400450855303
El Paral·lel,otro,Av Paral·lel 170.0 ,41.37522098509261,2.1558593296923467
Sant Pere i Santa Caterina,otro,C Sant Pere Més Baix 68.0 ,41.388142157020646,2.178572782653608
Teatre Lliure,otro,Pl Margarida Xirgu 1.0 ,41.37067944906853,2.1574493260272294
Parc de Sant Martí,Parc,C Menorca 64.0 ,41.41989650584673,2.198051769477209
Casa Bartomeu,otro,C Rábida 5.0 ,41.396311253391424,2.1072570259147585
Edifici La Maternitat,otro,C Sabino Arana 1.0 ,41.38547614322759,2.1266907591970448
Parc Sanitari Pere Virgili,Parc,C Esteve Terradas 30.0 ,41.41495508215848,2.140265906627508
Edifici Talaia Barcelona,otro,Av Sarrià 71.0 ,41.39084065982192,2.1394911073808047
Edifici Torre Telefònica - Diagonal Zero Zero,otro,Pl Ernest Lluch i Martín 5.0 ,41.41217022424529,2.2212484484505435
Centre Estudis Ignasi Iglesias,Centre,Carrer d'Ignasi Iglésias 33.0 ,41.43356963877177,2.188130239920921
Universitat Internacional de Catalunya,otro,Immaculada 22.0 ,41.406033260654574,2.123231960089889
Palau Reial de Pedralbes,Palau,Av Diagonal 686.0 ,41.38654937434819,2.1184352989192647
Jardins de Mossèn Costa i Llobera,Jardins,Ctra Miramar 38.0 ,41.36961505587559,2.17232416934953
Castell de Torre Baró,otro,Carretera Alta de les Roquetes 309.0 ,41.45079189503227,2.1761305165721443
Casa - Fàbrica Erasme de Gònima,otro,Carme 106.0 ,41.38013776152317,2.166732403540656
El Túnel de la Rovira,otro,C Dante Alighieri 81.0 ,41.42755510844527,2.157559236781552
Can Culleretes,otro,C Quintana 5.0 ,41.381241482418325,2.1744292455209995
La Diagonal,otro,Av Diagonal 629.0 ,41.38793852100829,2.125713944106764
Refugi Antiaeri de La Lira,otro,C Coroleu 15.0 ,41.43277350201,2.1881654862843227
Refugi Antiaeri 977 (Matanzas / Pinar del Río),otro,C Pinar del Río 32.0 ,41.42243408970824,2.182057614392575
Capella dels Segadors,otro,Pl Orfila 5.0 ,41.43629879622968,2.191490177023649
MUHBA Museu d'Història de Barcelona - Vil·la Joana,Museu,Carretera de l'Església 104.0 ,41.41954329767189,2.099950499346553
Platja de la Barceloneta,Platja,Passeig Marítim de la Barceloneta - Oriol Bohigas 14.0 ,41.37861435600187,2.192222242417201
Centre de Cultura Contemporània de Barcelona,Centre,C Montalegre 5.0 ,41.38391450226559,2.1668129104163323
Fàbrica de Creació La Escocesa,otro,Carrer de Pere IV 345.0 ,41.41127532997013,2.203844026804752
Centre d'Arts Santa Mònica,Centre,Carrer la Rambla 7.0 ,41.37725882473504,2.175614994736913
Casa Fàbrica Güell-Ramis,otro,C Còdols 16.0 ,41.379585352390144,2.178265252336639
Casa Parés,otro,C Mestres Casals i Martorell 15.0 ,41.3872658323001,2.178401010468016
Restaurant Can Cortada,Restaurant,Av Estatut de Catalunya 88.0 ,41.43763336944126,2.1528053939918426
Centre Comercial L'Illa Diagonal,Centre,Av Diagonal 557.0 ,41.38974559970474,2.1353959606306443
Els Edificis Trade,otro,G.V. Carles III 84.0 ,41.38617521617633,2.1279530224471386
Far del Port - Torre del Rellotge,otro,Moll Pescadors 1.0 ,41.3758307185709,2.186997099293849
Fundació Privada Centre de Producció Artística i Cultural Palo Alto,Centre,C Pellaires 30.0 ,41.40453754416711,2.210261414480815
Centre Educatiu Santa Teresa - Ganduxer,Centre,C Ganduxer 85.0 ,41.39996979813191,2.1335779353787503
Parc del Mirador del Poble-sec,Parc,Passeig de Montjuïc 59.0 ,41.37192068979768,2.1701826605872294
Molí de Sant Andreu - Rec Comtal,otro,C Andana de l'Estació 22.0 ,41.44306589381739,2.194021800571192
Casa Company,otro,Buenos Aires 56.0 ,41.393120800716055,2.1481893230679403
La Plaça del Comerç,otro,Pl Comerç 6.0 ,41.43522215078868,2.189877474368489
Associació Sant Martí Eix Comercial,otro,Carrer de Huelva 111.0 ,41.42025966854083,2.1998166979222726
La Vil·la Hèlius (Casa Grané),otro,C Panamà 13.0 ,41.395462854998215,2.107541318408962
L'Antic Institut Frenopàtic,otro,C Mejía Lequerica 55.0 ,41.38433208402624,2.1263311628356334
L'Àrea Olímpica de la Diagonal,otro,Av Xile 29.0 ,41.380264181554345,2.1144189385595857
Bar musical La Torre Rosa,otro,C Francesc Tàrrega 22.0 ,41.42271161168508,2.180504022970048
Carrer Cienfuegos,otro,C Cienfuegos 21.0 ,41.42408750553282,2.183417526927583
Refugi Antiaeri de la Plaça del Diamant,otro,Pl Diamant 10.0 ,41.40399370440121,2.1559723559683674
Colmado Murria,otro,Roger de Llúria 85.0 ,41.39480108686979,2.166511035825546
Fàbrica de Creació Nau Ivanow,otro,C Hondures 28.0 ,41.4199791609378,2.1899651964541302
Casa Museu Gaudí,Museu,Carretera del Carmel 23.0 ,41.41481232125404,2.1550643342300395
Centre Comercial Diagonal Mar,Centre,Av Diagonal 3.0 ,41.41045744398306,2.2164227599409685
Oratori de Sant Felip Neri *Gràcia,otro,C Sol 8.0 ,41.40200153642768,2.1556884231723643
Jardins de Massana,Jardins,Felip II 216.0 ,41.42704189433846,2.1785261828350926
Associació Sants Establiments Units,otro,Carrer d'Alcolea 16.0 ,41.37607095558091,2.136838762891396
Port Olímpic de Barcelona,otro,Port Olímpic 100.0 ,41.38772238063312,2.199282061005833
La Lleialtat Santsenca,otro,Carrer d'Olzinelles 31.0 ,41.37291765088582,2.13669817907462
Casa Josep Barnoles - La del Mico i el Gos,otro,C Camèlies 40.0 ,41.4116517136051,2.160396764857864
La rambla del Prat,otro,Rbla Prat 1.0 ,41.4018619863958,2.152769925875062
Masoveria de la Virreina,otro,C Sant Lluís 1.0 ,41.40418669162275,2.1582068161840007
La plaça del Poble Romaní,otro,Plaça del Poble Gitano nan ,41.40183443187984,2.160694112661664
Hospital Evangèlic,otro,Carrer de la Ciutat de Granada 108.0 116.0,41.40134426251321,2.1943465696873985
Cases Antoni Par,otro,C Gran de Gràcia 262.0 ,41.40569413888112,2.150627501849931
Cases de menestrals,otro,C Tordera 14.0 ,41.40077634268316,2.160468302707204
Cases Folguera,otro,Trav Gràcia 184.0 ,41.40193073549308,2.158860787647023
Edifici Modernista Avinguda República Argentina 28,otro,Av República Argentina 28.0 ,41.408491676806655,2.147416989049893
El carrer de Bonavista,otro,C Bonavista 1.0 ,41.39773291366716,2.1587099305698554
El Vapor Nou,otro,Plaça del Poble Gitano nan ,41.40183443187984,2.160694112661664
Bar Mestres,otro,C Vergós 9.0 ,41.399609906094966,2.1310611460751536
Edifici MediaTIC,otro,Carrer de Roc Boronat 117.0 127.0,41.40267993266015,2.1944666095628262
La Plaça de Sant Jaume,otro,Pl Sant Jaume 1.0 ,41.38254213182859,2.1771735683501343
Torre de la Catalana de Gas,otro,Passeig Marítim de la Barceloneta - Oriol Bohigas 15.0 ,41.38205967912699,2.1938398880660617
Elisava Escola Universitaria de Disseny i Enginyeria de Barcelona,Escola,C la Rambla 30.0 ,41.37848959636991,2.176064541270459
Casa Muley-Afid,otro,Pg Bonanova 55.0 ,41.40386449496666,2.1286747551139507
Casa Vilaró,otro,Av Coll del Portell 43.0 ,41.41136623661588,2.151433629959552
Residència Assistencial per a Gent Gran Refugi d'Obreres,otro,Av República Argentina 16.0 ,41.40830297314985,2.1482112139978766
Hort Urbà Masia Can Soler,otro,Ctra Sant Cugat 114.0 ,41.42502856858588,2.130702385728167
Associació de Botiguers i Professionals Eix Maragall,otro,Rambla de la Muntanya 5.0 5.0,41.42197707927703,2.1784702505689157
Parròquia de Sant Pacià,Parròquia,C Monges 27.0 ,41.43166813631247,2.187587402173429
Casa Comalat,otro,Av Diagonal 442.0 ,41.39708330346534,2.1607220347024616
Farmàcia Reixach-de Pablo,otro,Carrer Gran de Sant Andreu 263.0 ,41.435618295520094,2.1896359516105504
Club Tennis Barcino,Club,Plaça de Narcisa Freixas 2.0 2.0,41.40829605865302,2.138411353701733
Oasi MAC,otro,Carrer del Consell de Cent 140.0 140.0,41.38188240741375,2.153646899272376
MUHBA Museu d'Història de Barcelona  - Refugi 307,Museu,Carrer Nou de la Rambla 175.0 ,41.37107815965785,2.166220058300664
Associació Catalana per la Integració i el Desenvolupament Humà,otro,Carrer de Siracusa 53.0 ,41.40196689745648,2.161132948779616
La Rambla,otro,C Rambla 10.0 ,41.37765445203638,2.17649085980406
Masia la Petita Maria,otro,C López Catalán 4.0 ,41.37596451659646,2.1374035500851325
La plaça de Sant Gaietà,otro,Pl Sant Gaietà 5.0 ,41.40027641073024,2.120264726728752
Plaça del Sol,otro,Pl Sol 6.0 ,41.40162178824695,2.1566738998226365
El carrer de Campoamor,otro,C Campoamor 4.0 ,41.432914933001776,2.158212492323379
Platja de Llevant,Platja,Av Litoral 114.0 ,41.40501510946871,2.217741476714544
Casa Barangé,otro,Pl Mons 4.0 ,41.413399023929664,2.144460106814436
Casa Josep Castelló,otro,C Sors 23.0 ,41.40922522099331,2.1583254055522816
Casa Martí Trias i Domènech,otro,C Olot 5.0 ,41.41350924872243,2.1531271963876577
Plaça del Rei,otro,Pl Rei 1.0 ,41.38399153606988,2.177312208308455
Drogueria Rovira (Antiga Drogueria Galvany),otro,Madrazo 127.0 ,41.39694983975115,2.14476287679332
"Espai Gaudí: Pis, Golfes i Terrat",otro,Provença 261.0 ,41.39534759002928,2.162061079088016
Torre de les Aigües del Besòs,otro,Plaça de Ramon Calsina 1.0 ,41.405450920442256,2.212560936198963
Cafeteria Restaurant Cafè de l'Òpera,Restaurant,Carrer la Rambla 74.0 ,41.38091335380008,2.173782143732884
"BAU, Centre Universitari d'Arts i Disseny de Barcelona",Centre,C Pujades 118.0 ,41.39772635565731,2.195641449471245
Centre de Convencions Internacional de Barcelona,Centre,Plaça de Willy Brandt 11.0 14.0,41.40895159816792,2.218837323987452
Estació Barcelona-Sants de RENFE,otro,Pl Països Catalans 1.0 ,41.379556967903945,2.1408179856438947
Club Natació Catalunya,Club,Carrer d'Ana María Matute Ausejo 25.0 ,41.41538260538486,2.1581717784411687
Santuari de Santa Eulàlia de Vilapicina,otro,C Pere d'Artés 2.0 ,41.43072358230434,2.1729158525346945
Sarrià,otro,C Major de Sarrià 63.0 ,41.398258662470965,2.1223212146455017
La Sardineta. Grup d'Ecoconsum de la Barceloneta,otro,C Cermeño 7.0 ,41.38162858085352,2.1905140138060823
L'Hortet del Forat,otro,C Pou de la Figuera 1.0 ,41.3874487826944,2.179763332554008
El Pla de Palau,Palau,Pla Palau 1.0 ,41.38289712933221,2.1825248996890165
Masia Can Valent,otro,Av Rio de Janeiro 51.0 ,41.43553633390901,2.17975400193275
Centre Cívic Can Verdaguer,Centre,Carrer de Piferrer 94.0 ,41.43410459884157,2.1792048887112854
Kasa de la Muntanya (KM),otro,Av Santuari St Josep Muntanya 19.0 ,41.4104399702781,2.154195493067497
Àntiga Fàbrica de Làmpades Z,otro,Pg Zona Franca 185.0 ,41.36098326639913,2.1378661758058857
CaixaForum Barcelona,otro,Avinguda de Francesc Ferrer i Guàrdia 6.0 ,41.37132601483051,2.1495935126379413
Biblioteca Clarà,otro,Carrer del Doctor Carulla 22.0 ,41.39994044899448,2.1294738021393327
La Plaça de Catalunya,otro,Pl Catalunya 2.0 ,41.38604507506723,2.169418215449664
Mercat Horta,Mercat,Carrer de Lisboa 34.0 46.0,41.42921857676913,2.1573096628601407
Cementiri Montjuïc,Cementiri,Carrer de la Mare de Déu de Port 56.0 ,41.35439614126615,2.149011845799688
Associació del Passeig de Gràcia,otro,Carrer de Mallorca 249.0 249.0,41.39305273394126,2.161334369208631
Hotel d'Entitats de Can Guardiola,otro,Cuba 2.0 ,41.4299594840632,2.188553382391543
Centre Cívic Can Basté,Centre,Passeig de Fabra i Puig 274.0 ,41.4304874584176,2.173233437180801
El passatge d'Antoni Gassol,otro,Ptge Antoni Gassol 1.0 ,41.41275610120803,2.195583895314642
Pla de la Seu,otro,Pla de la Seu 1.0 1.0,41.38425392967717,2.1758673829595696
L'Hort del Cànem,otro,Carrer de la Llacuna 31.0 31.0,41.39913958472813,2.200783316686378
Parròquia de Sant Genís dels Agudells,Parròquia,C Saldes 3.0 ,41.42798213665874,2.1365982986152545
Parc del Clot,Parc,Escultors Claperós 55.0 ,41.40847228003916,2.1900153665666733
Sant Andreu Teatre,otro,C Neopàtria 54.0 ,41.43061427405158,2.1889212140974257
Centre Cívic Torre Llobeta,Centre,Carrer de Santa Fe 2.0 ,41.42693150965028,2.173966250593847
Fàbrica de Creació Ateneu Popular 9 Barris,otro,C Portlligat 11.0 ,41.44877310192653,2.1804102466794437
Parc de les Aigües,Parc,Pl Alfons el Savi 3.0 ,41.41357708464317,2.1654810232921857
Parc de la Guineueta,Parc,Plaça de la República 9.0 ,41.43904973751512,2.1744888744706907
Museu Marítim de Barcelona,Museu,Avinguda de les Drassanes 1.0 ,41.37598140054482,2.176059209800324
Monestir de Santa Maria de Valldonzella,otro,C Císter 41.0 ,41.41187688269559,2.131008959069784
Palau Montaner,Palau,C Mallorca 278.0 ,41.395600440595466,2.1650637423227845
Palau Macaya,Palau,Pg Sant Joan 108.0 ,41.39987499692392,2.16943219323842
Palau Robert - Centre d'Informació de Catalunya,Centre,Pg Gràcia 107.0 ,41.396132216710285,2.159531980047189
Fundació Universitaria Agustí Pedro Pons,otro,Av Vallvidrera 25.0 ,41.40660960989669,2.1141838297013127
El Born Centre de Cultura i Memòria,Centre,Plaça Comercial 12.0 ,41.38567300413077,2.183585604443325
Casa Thomas,otro,Mallorca 291.0 ,41.39657596077136,2.1656125429824926
Can Fabra,otro,Plaça de Can Fabra 1.0 1.0,41.43487059872311,2.190607460580104
Club Natació Sant Andreu,Club,Rbla Fabra i Puig 47.0 ,41.43005047129456,2.186313336459395
Antiga Seu Editorial Gustavo Gili,otro,Rosselló 87.0 ,41.38610655947061,2.147565662886036
Parròquia de Santa Maria del Pi - Basílica,Parròquia,Pl Pi 7.0 ,41.38233930831356,2.1737942555699594
Parròquia de Santa Maria del Remei,Parròquia,Pl Concòrdia 1.0 ,41.386892522386965,2.132098891535344
Parròquia de Maria Auxiliadora,Parròquia,Pg Sant Joan Bosco 70.0 ,41.394938605535096,2.1278275709059584
Club Esportiu Europa,Club,Carrer de Pau Alsina 138.0 140.0,41.41204361291409,2.1604194727546537
Museu d'Arqueologia de Catalunya,Museu,Passeig de Santa Madrona 39.0 ,41.37018541324514,2.1576640200328425
Biblioteca Barceloneta -  La Fraternitat,otro,Carrer de Felícia Fuster i Viladecans 8.0 ,41.37923262887593,2.188871640262453
Palau de la Virreina,Palau,la Rambla 99.0 ,41.38252973907768,2.171726398818812
Associació de Comerciants i Veïns de Creu Coberta,otro,C Callao 9.0 ,41.37602040585622,2.143153879462518
Parròquia de Sant Medir,Parròquia,C Constitució 17.0 ,41.36984160255108,2.1377566200682048
Obelisc del Cinc d'Oros,otro,Pl Joan Carles I 9999.0 ,41.396517237885504,2.159512198746821
Funicular de Montjuïc-TMB,otro,Av Paral.lel 59.0 ,41.37479599283319,2.1703264205028834
Espai Subirachs - Poblenou,otro,Carrer de Batista 6.0 ,41.404152690531006,2.199893955698491
Impremta Baltasar,otro,Gran de Sant Andreu 152.0 ,41.43211304281075,2.1894065564080645
L'Aqüeducte de Ciutat Meridiana,otro,Av Rasos de Peguera 53.0 ,41.45954300543077,2.175066517148887
El barri del Bon Pastor,otro,C Estadella 65.0 ,41.43547896450301,2.204587880121658
El Campus de Comunicació,otro,Carrer de Roc Boronat 134.0 140.0,41.40367554356738,2.1935349162488165
Masia Torre Rodona - Can Vinyals de la Torre,otro,C Doctor Salvador Cardenal 7.0 ,41.38593280819907,2.1239439361700736
Ateneu d'Innovació Digital i Democràtica - Canòdrom,otro,C Concepción Arenal 165.0 ,41.42728664518391,2.1841198480555195
Parc de Cervantes,Parc,Av Diagonal 706.0 ,41.38456852873157,2.1094394046493576
Ca l'Artés,otro,C Pere d'Artés 8.0 ,41.43060587102361,2.172703711654441
Plaça Eivissa,otro,Pl Eivissa 1.0 ,41.43021998617649,2.1609828368500468
Casa Estapé,otro,Pg Sant Joan 6.0 ,41.391927096739074,2.179966095105018
Cases Rocamora,otro,Pg Gràcia 6.0 ,41.38891899310887,2.1694907182668186
Casa Malagrida,otro,Pg Gràcia 27.0 ,41.39070796924331,2.166233113657074
Forn de la Concepció,otro,C Girona 74.0 ,41.3953024422244,2.17072858132926
Casa Queraltó,otro,Rbla Catalunya 88.0 ,41.39305633370552,2.161061569869412
Casa Jaume Forn,otro,C València 285.0 ,41.395288179555614,2.166550686689944
Casa Santurce,otro,C València 293.0 ,41.39560141763696,2.166965615442641
Casa Granell *Balmes,otro,C Balmes 65.0 ,41.39014919657067,2.1613897653246257
Casa Vallet i Xiró,otro,C Mallorca 302.0 ,41.39698989040617,2.166908231079334
El carrer de Canet,otro,C Canet 36.0 ,41.39869925444347,2.1234442569006
Dipòsit del Rei Martí,otro,C Bellesguard 14.0 ,41.40886213744492,2.1271686577385576
Casa de la Marina,otro,Pg Joan Borbó Comte Barcelona 42.0 ,41.37800931137947,2.1884489605390947
La carretera de les Aigües (sector Horta-Guinardó),otro,Ctra Aigües 361.0 ,41.42145480207412,2.131518261519387
L'Aqüeducte del Parc Central de Nou Barris,Parc,Pl Major de Nou Barris 1.0 ,41.4368445525108,2.1712296246319656
Can Fontanet - Centre d'Interpretació dels Tres Tombs de Sant Andreu,Centre,C Sant Adrià 20.0 ,41.433793974354174,2.1908326284827284
Carrer Aiguafreda,otro,C Aiguafreda 1.0 ,41.42673221154588,2.1594552433114487
Casa Anoll,otro,C Josep Torres 2.0 ,41.40044227869542,2.1610663164262904
Cases modernistes del carrer de Sants,otro,C Sants 211.0 ,41.37547034603628,2.1327032048740047
El Rec Comtal,otro,C Oristà 16.0 ,41.46478662529261,2.1857427165784453
Cases Barates del Bon Pastor,otro,C Bellmunt 28.0 ,41.43783366096427,2.206192154035402
Rambla de Fabra i Puig,otro,C Concepción Arenal 211.0 ,41.43035899926197,2.184527163310618
MUHBA Museu d'Història de Barcelona - Oliva Artés,Museu,Carrer d'Espronceda 142.0 ,41.4083072163263,2.2011067332390364
Espai de Memòria de les Catorze Roses,otro,Av Diagonal 706.0 ,41.38456852873157,2.1094394046493576
Pati Geològic,otro,C Martí i Franquès 2.0 ,41.38437037725497,2.1197216758551365
Conjunt de Torretes al carrer Verdi,otro,C Verdi 144.0 ,41.40746179464575,2.153354042541838
El Canal de la Infanta,otro,C Mare de Déu de Port 56.0 ,41.35439601685321,2.149012074553124
Bodega Josefa,otro,C Saragossa 86.0 ,41.40432354338867,2.145936393031032
"El camí de Finestrelles, i el mirador",otro,Camí Finestrelles 2.0 ,41.38716645323706,2.101308027569479
El passeig de Sant Gervasi,otro,Pg Sant Gervasi 1.0 ,41.40714994709702,2.1338555488054234
El Submarí de la Ronda,otro,C Isaac Newton 28.0 ,41.41314852899547,2.1305194357974724
Cooperativa La Confiança Andreuenca,otro,C Pons i Gallarza 103.0 ,41.43555564633071,2.185313624433327
Cooperativa La Flor de Maig - sucursal núm. 7,otro,C Martí Molins 10.0 ,41.42411451151168,2.1903109078509257
Museu d'Autòmats del Tibidabo,Museu,Pl Tibidabo 3.0 ,41.42160921227461,2.1187341412289142
La plaça de la Bonanova,otro,Pl Bonanova nan ,41.40638150826275,2.13417851476007
La plaça del Doctor Andreu,otro,Pl Doctor Andreu nan ,41.416304021052255,2.1314166234616936
Restaurant Bonanova,Restaurant,C Sant Gervasi de Cassoles 103.0 ,41.40621100936792,2.135031384521928
Avinguda de la Catedral,otro,Avinguda de la Catedral 1.0 1.0,41.384547112224666,2.175276073454244
Avinguda Maria Cristina,otro,Avinguda de la Reina Maria Cristina 1.0 13.0,41.37303257656836,2.1510148596954752
Carrer Martí  i Franqués,otro,Carrer de Martí i Franquès 1.0 1.0,41.38506372270051,2.1179021240670406
Hotel España - HB-000073,otro,C Sant Pau 9.0 ,41.37998177436281,2.1728476146789286
Plaça dels Àngels,otro,Plaça dels Àngels 1.0 1.0,41.38301191729433,2.1678110837805957
Ronda de Sant Antoni,otro,Ronda de Sant Antoni 1.0 1.0,41.37918080972605,2.1629662196711665
Antiga Estació de Rodalies Sant Andreu Comtal de RENFE,otro,Plaça de l'Estació 1.0 1.0,41.43594335271556,2.192489567666219
Casa Batlló,otro,Pg Gràcia 43.0 ,41.39173522253645,2.1649640719737016
Teatre Coliseum,otro,G.V. Corts Catalanes 595.0 ,41.38819696920227,2.166179379678894
Biblioteca Vapor Vell,otro,Passatge del Vapor Vell 1.0 ,41.37692859666653,2.134751788846474
Pavellons d'Entrada de l'Antiga Finca Güell,otro,Avinguda de Pedralbes 7.0 ,41.38849058797558,2.1208592991305357
Moll de la Fusta *Escenari Besòs,otro,Moll de Bosch i Alsina 1.0 1.0,41.37903656788793,2.181832960571753
Moll de la Fusta *Escenari Llobregat,otro,Moll de Bosch i Alsina 1.0 1.0,41.37903656788793,2.181832960571753
Refugi antiaeri 292 carrer Piquer del Poble-sec,otro,Carrer de Piquer 44.0 44.0,41.37354326748301,2.168315128536678
Passeig Lluis Companys - Arc de Triomf,otro,Passeig de Lluís Companys 9.0 11.0,41.39029383512213,2.180686651224211
Hotel Casa Fuster - HB-004219,otro,Pg Gràcia 132.0 ,41.39801599366713,2.158025884692545
Jardins del Rector Oliveras,Jardins,Passatge del Rector Oliveras 2.0 ,41.39479752399747,2.1678356444626248
Carrer Menéndez Pelayo,otro,Carrer de Menéndez y Pelayo 2.0 2.0,41.383708022783495,2.120295383395241
Restaurant El Asador de Aranda *Av Tibidabo,Restaurant,Av Tibidabo 31.0 ,41.41349245462936,2.1344802209567293
OikoCrèdit Catalunya,otro,C Casp 43.0 ,41.39204185286289,2.174070233465704
Farmàcia Guinart Gómez de Arteche,otro,Carrer Gran de Sant Andreu 306.0 ,41.43709201717534,2.18973464583348
Centre Educatiu Monlau Sagrera,Centre,C Monlau 2.0 ,41.42299752907012,2.1906007422317457
Palau de Congressos de Catalunya,Palau,Av Diagonal 661.0 ,41.38351274680861,2.109683125759429
Museu de Cera de Barcelona,Museu,Passatge de la Banca 5.0 ,41.377130607091686,2.1774606445543268
Casa Serra,otro,Rbla Catalunya 126.0 ,41.39562747870579,2.157534429798631
Escola Superior de Música de Catalunya,Escola,C Padilla 155.0 ,41.39877242493477,2.185159128100962
Clínica Sant Jordi,otro,Pl Estació 12.0 ,41.43675865439791,2.193077895717268
Escola Superior de Disseny IED Barcelona,Escola,Carrer de Biada 11.0 11.0,41.40542058928409,2.1549809717403154
Pla de l'Os - La Rambla,otro,Pla de la Boqueria 1.0 1.0,41.38140185945734,2.173363232841329
Farmàcia Franquesa Grau,otro,Carrer Gran de Sant Andreu 260.0 ,41.43515149016144,2.1897728924932363
Fundació Joan Brossa,otro,Carrer de Flassaders 40.0 40.0,41.385220679624325,2.1823673277242173
Edifici de La Caixa de Barcelona,otro,C Gran de Gràcia 18.0 ,41.39846772405435,2.157280332554822
Metro Fontana,otro,C Gran de Gràcia 170.0 ,41.402647384357394,2.152713414330724
La plaça d'en Joanic,otro,Pl Joanic nan ,41.405305256052856,2.1622519725038294
Mirador Joan Sales i Vallès,otro,Mirador de Joan Sales 0.0 0.0,41.41637421536977,2.152799267220405
Casa Rubinat,otro,C Or 44.0 ,41.40487709704659,2.157716680356859
Casa Tomàs Valls,otro,C Mare de Déu de la Salut 31.0 ,41.41098981404602,2.156053352602201
Edifici Modernista Riera de Sant Miquel 44,otro,C Riera de Sant Miquel 44.0 ,41.3981582119799,2.15627378447512
Parròquia rural de Santa Maria de Vallvidrera,Parròquia,Carretera de l'Església 93.0 93.0,41.41903790688767,2.0986366212851304
Parc de Montjuïc,Parc,Pg Migdia 147.0 ,41.36140547477188,2.1597293853420427
Platja de l'Espigó del Gas,Platja,Passeig Marítim de la Barceloneta - Oriol Bohigas nan ,41.382023388883376,2.193820946498618
Parc Metropolità Collserola,Parc,Ctra Església 92.0 ,41.42098586112135,2.099587929673552
